client_id,local_train_loss,local_train_acc,local_test_loss,local_test_acc,total_agg,staleness
4,1.7319338350379494,0.45076586433260396,1.727964839997907,0.4299781181619256,1,0.0
1,1.9772379672705647,0.33429228998849253,1.9761323854755888,0.3377445339470656,2,1.0
0,1.9144373061866724,0.3183538315988647,1.918012375637621,0.3088930936613056,3,2.0
3,1.6635757017555048,0.4285321605277625,1.6574856342359714,0.4323804288070368,4,3.0
5,1.7888332411594188,0.4121024734982332,1.7885939653686416,0.4134275618374558,5,3.0
6,1.9067438283630067,0.3420150788211104,1.9074655630720896,0.33516106922549693,6,3.0
2,1.6397130458169749,0.40117994100294985,1.639878095497424,0.40196656833824973,7,6.0
8,1.7813477611561725,0.36740678676162547,1.7811191658320464,0.36321742773355675,8,3.0
9,1.9400415104358275,0.3212180746561886,1.9359077020806272,0.3212180746561886,9,3.0
7,1.563388520152257,0.4409282700421941,1.562199018172574,0.4440928270042194,10,6.0
10,1.9660129887506606,0.3207663782447466,1.9696211850245302,0.3207663782447466,11,4.0
11,1.889296392520962,0.34179222839016654,1.8932514809881478,0.3362410785091198,12,4.0
12,1.2979982365423175,0.4601990049751244,1.2955749891290618,0.4557213930348259,13,4.0
13,1.9153797800228423,0.384051329055912,1.908774101439143,0.387717690192484,14,4.0
14,1.6084324321165908,0.4282994923857868,1.6014890694981299,0.42671319796954316,15,4.0
15,1.5767606066411577,0.5491686460807601,1.5769978396399853,0.5510688836104513,16,4.0
16,1.919530306024901,0.3371192565823438,1.9218281211468997,0.3319566339700568,16,3.0
17,1.721428405209089,0.5087609511889862,1.7158124898939169,0.5118898623279099,17,3.0
15,1.600379208770897,0.5415676959619953,1.6002317946767015,0.5472684085510688,18,3.0
4,1.4041201682268138,0.5951859956236324,1.4047970542239934,0.5864332603938731,19,3.0
16,1.9546546147050596,0.32576148683531236,1.9487557494277246,0.32731027361899845,20,3.0
19,1.6436344495035493,0.35185185185185186,1.6424982447683076,0.3534979423868313,21,6.0
17,1.7124769504138913,0.5,1.7125367898964912,0.5062578222778473,22,4.0
5,1.7410088638534815,0.409452296819788,1.7384902032441047,0.4085689045936396,23,3.0
3,1.6907326264195288,0.42221000549752613,1.673965261230238,0.43815283122594834,24,5.0
6,1.786094797237676,0.30705962988348184,1.7736460815315953,0.30843043180260454,24,3.0
9,1.8561658592261594,0.3236738703339882,1.8410941915099888,0.3241650294695481,25,2.0
3,1.5760688223374815,0.4406267179769104,1.5728546554666092,0.43842770753161076,26,3.0
2,1.6505936425695729,0.3823008849557522,1.6529640542605164,0.38603736479842676,27,5.0
6,1.770205997129758,0.2967786154900617,1.7711882501370781,0.29403701165181634,28,3.0
7,1.460963005758036,0.4709915611814346,1.4646248475408756,0.47837552742616035,28,4.0
11,1.7724131730508463,0.3346550356859635,1.7662407697712401,0.3402061855670103,29,3.0
6,1.8114482215857817,0.28169979437971215,1.8112633369653661,0.2851267991775189,30,3.0
13,1.7255200280933398,0.42804766269477545,1.7237324047044917,0.4285059578368469,31,3.0
18,1.6569824002005837,0.42337662337662335,1.6565884635974835,0.4264935064935065,32,5.0
1,1.7621034338504453,0.3941311852704258,1.7654616308706128,0.39182968929804374,33,3.0
7,1.57059195423931,0.42220464135021096,1.5632459428239975,0.4153481012658228,34,5.0
0,1.6935037481638207,0.38647114474929045,1.697858255205001,0.3930936613055818,35,4.0
4,1.2178163705821632,0.6203501094091903,1.2191586837465966,0.6137855579868708,36,3.0
15,1.519106292101663,0.520665083135392,1.51790667559925,0.5225653206650831,37,5.0
16,1.8414957111006123,0.31130614352090863,1.839248121492507,0.3128549303045947,38,4.0
17,1.5340981593866074,0.5456821026282853,1.5272161347397577,0.5475594493116396,39,2.0
8,1.6737589457068025,0.4185169669040637,1.67443226374589,0.40594888981985755,40,4.0
19,1.504039573865663,0.4137860082304527,1.509545108908979,0.41728395061728396,40,5.0
5,1.6635676209581194,0.43286219081272087,1.6552034456401326,0.43992932862190814,41,3.0
8,1.5502266339492639,0.4612484289903645,1.5558468035488984,0.46208630079597823,42,3.0
9,1.7975873338215946,0.36738703339882123,1.7924564493662716,0.3698428290766208,43,4.0
12,1.1188843778116786,0.5955223880597015,1.1214744297426138,0.5955223880597015,43,3.0
9,1.8348141569051386,0.37770137524557956,1.8386053856323181,0.38261296660117877,44,3.0
11,1.643977673350583,0.38065027755749403,1.6551470878481582,0.3695479777954005,45,2.0
14,1.4757494018767692,0.429251269035533,1.4757844808743086,0.4352791878172589,46,4.0
12,1.106102268019719,0.6194029850746269,1.1030664500312426,0.6069651741293532,47,3.0
19,1.4902887439531554,0.4286008230452675,1.4873929634996892,0.4273662551440329,48,7.0
13,1.7356174470742398,0.4142988084326306,1.7333369175301683,0.4165902841429881,48,3.0
18,1.586560395971521,0.4290909090909091,1.5848427540915353,0.4218181818181818,49,3.0
0,1.6218712693018629,0.423841059602649,1.6216885122129572,0.4224219489120151,50,2.0
19,1.4708999058837262,0.4294238683127572,1.4692978863853485,0.43662551440329217,51,4.0
7,1.3644430416042794,0.5005274261603375,1.3689533879485312,0.5102848101265823,52,5.0
13,1.6104305906103469,0.45737855178735104,1.6080076321891204,0.45508707607699356,53,4.0
15,1.4040310027763565,0.5733966745843231,1.4083626181949063,0.5748218527315915,54,4.0
10,2.0086646980349303,0.2954264524103832,2.0181400204176367,0.2904820766378245,55,4.0
16,1.8716540728024003,0.30201342281879195,1.8722539687809037,0.29065565307176044,56,4.0
17,1.540454251745317,0.5356695869837297,1.5445202580083148,0.5337922403003754,57,4.0
3,1.5318495768515077,0.44529961517317207,1.5293217177834073,0.4417262231995602,58,4.0
5,1.6162946923461483,0.45671378091872794,1.6041746590247004,0.4549469964664311,59,3.0
8,1.5683725230804686,0.4671135316296607,1.569348199676159,0.4662756598240469,60,3.0
6,1.5476352191281857,0.4153529814941741,1.552954766503583,0.42426319396847156,61,3.0
2,1.5264228222292784,0.4245821042281219,1.5240055771821133,0.4245821042281219,62,7.0
9,1.5854816893463284,0.40422396856581533,1.5928204752841493,0.4106090373280943,63,4.0
11,1.5472501846271125,0.4115781126090404,1.5457252879449057,0.39413164155432195,64,4.0
1,1.5318297913214416,0.498849252013809,1.546168781534026,0.48676639815880324,65,4.0
12,1.026774333365521,0.608457711442786,1.0306141702689935,0.6104477611940299,66,3.0
14,1.3805649558904813,0.4888959390862944,1.3751862321408268,0.49238578680203043,67,5.0
4,1.2095571289438127,0.6170678336980306,1.1963319522807583,0.62472647702407,67,3.0
0,1.605194860172362,0.4295175023651845,1.6135697736983718,0.43424787133396403,68,3.0
14,1.3473859371872723,0.5041243654822335,1.3523427744202203,0.5,69,4.0
12,0.92716376425615,0.6706467661691542,0.9276845739848578,0.6756218905472637,70,3.0
4,1.2204432610088156,0.6345733041575492,1.221017411553364,0.6280087527352297,71,3.0
19,1.4372773043903304,0.45082304526748973,1.4334948921399842,0.4553497942386831,72,6.0
15,1.4297601104632127,0.5439429928741093,1.4359485300023311,0.5429928741092637,73,4.0
10,1.7471100915642397,0.3516687268232386,1.7409009311638304,0.3621755253399258,74,4.0
16,1.6897870873937177,0.38874548270521425,1.6819503287033255,0.39235931853381517,74,3.0
10,1.920663509881688,0.326946847960445,1.91678717551921,0.3374536464771323,75,3.0
3,1.4421164483536464,0.4890049477735019,1.4377388509831106,0.48653106102253985,76,4.0
5,1.593238655332963,0.4739399293286219,1.5885524880338473,0.47659010600706714,77,4.0
8,1.6181737671449787,0.4599916212819439,1.6042440883475064,0.46459991621281943,78,4.0
6,1.503961459098408,0.42289239204934886,1.5180077816706312,0.40986977381768336,79,4.0
9,1.580464224450012,0.4405697445972495,1.5854315888905104,0.4444990176817289,80,3.0
11,1.501621767795814,0.44409199048374304,1.5062631434811948,0.43061062648691517,81,2.0
2,1.515664629926841,0.43559488692232057,1.51270556067764,0.43815142576204524,82,6.0
18,1.646082739891944,0.4114285714285714,1.6483810515837236,0.4057142857142857,83,5.0
1,1.644234922044708,0.43037974683544306,1.6368906432108994,0.43095512082853854,84,4.0
1,1.5201925394587192,0.48504027617951667,1.5158399412080525,0.48331415420023016,84,2.0
0,1.561300547143256,0.4413434247871334,1.559715591631865,0.4446546830652791,85,3.0
7,1.3220300659348694,0.5271624472573839,1.3127268467271378,0.5300632911392406,86,5.0
12,0.9289105661472871,0.6532338308457711,0.9300992064808139,0.6572139303482587,87,3.0
14,1.5030975462821534,0.4447969543147208,1.5131841952425575,0.44828680203045684,88,5.0
4,1.121891142502916,0.6422319474835886,1.1186890273438501,0.649890590809628,89,3.0
1,1.6556542938954537,0.43037974683544306,1.6425843954909383,0.44649021864211735,90,4.0
1,1.4940336271863264,0.502301495972382,1.4866951709512461,0.5028768699654775,90,2.0
16,1.6633702477168102,0.4062983995869902,1.6685454053982176,0.40061951471347446,91,3.0
10,1.6888112946700107,0.3930778739184178,1.6833249877203527,0.39555006180469715,92,3.0
19,1.4141717241624745,0.4728395061728395,1.4080095449102268,0.4740740740740741,93,6.0
1,1.4489006175819283,0.5247410817031071,1.4564400045726325,0.5138089758342923,94,3.0
3,1.4991800821109287,0.4354040681693238,1.5021411202778325,0.42990654205607476,95,5.0
8,1.5060849829003757,0.4901550062840385,1.5068896214333747,0.49727691663175533,96,4.0
6,1.4266376831173653,0.46264564770390676,1.4198247637954617,0.46058944482522274,97,4.0
9,1.5500014287315325,0.44106090373280943,1.5565771199396878,0.44793713163064836,98,4.0
13,1.578049071877512,0.462878093492209,1.5729217517277607,0.45875343721356554,99,4.0
11,1.4315063952454303,0.47977795400475814,1.4246189043126722,0.4734337827121332,100,4.0
11,1.4322298279269927,0.4655035685963521,1.4330824374396303,0.47501982553528943,100,3.0
17,1.3801814575815976,0.5707133917396746,1.3778877747670581,0.5575719649561952,101,3.0
0,1.5518742641865813,0.4517502365184484,1.555453000817529,0.4522232734153264,102,3.0
2,1.5440463597561171,0.43461160275319566,1.5411422078002284,0.4294985250737463,103,6.0
11,1.4274308199356889,0.471847739888977,1.4192533123408113,0.4821570182394925,104,3.0
7,1.3913339019324709,0.5134493670886076,1.403162976860497,0.5052742616033755,105,5.0
12,1.1036514522424385,0.5950248756218905,1.0939123036256477,0.5945273631840796,106,4.0
14,1.2955751588501907,0.5187182741116751,1.2880596122160781,0.5120558375634517,107,4.0
5,1.6313096638703093,0.45936395759717313,1.6325465078488677,0.4584805653710247,108,3.0
16,1.5947230387792553,0.4408879710893134,1.5863341251229526,0.42694889003613834,109,3.0
10,1.8583799307366973,0.39864029666254636,1.8466696276505592,0.39245982694684795,110,3.0
2,1.4691227079023887,0.45644051130776797,1.4763830286211672,0.4497541789577188,111,6.0
1,1.481702753122986,0.4902186421173763,1.4579974958893893,0.4953970080552359,112,3.0
19,1.3507611770198178,0.49074074074074076,1.3494346495027896,0.4911522633744856,113,5.0
8,1.37373734574264,0.5236698785085881,1.3835583473280677,0.5257645580226226,114,3.0
3,1.430013701245967,0.4444749862561847,1.4283519581558286,0.43815283122594834,115,5.0
6,1.4175716650003927,0.43797121315969845,1.4197198910775293,0.453050034270048,116,3.0
9,1.901066210508815,0.37524557956778,1.9086600743482998,0.37524557956778,117,3.0
18,1.4884361753216038,0.44753246753246756,1.4899871346238371,0.44675324675324674,118,6.0
13,1.4656701405915944,0.4894592117323556,1.4787079748158931,0.4922089825847846,118,3.0
6,1.4160636217321247,0.44962302947224125,1.4125388971005832,0.46470185058259084,119,1.0
4,1.109262224751437,0.6422319474835886,1.117887990479918,0.6477024070021882,120,1.0
18,1.5194270135210706,0.4509090909090909,1.5171891622419482,0.45064935064935063,121,5.0
3,1.385448513285284,0.5052226498075866,1.3794204430504118,0.5068719076415613,122,5.0
13,1.576776312645371,0.4537121906507791,1.5705954073548427,0.46012832263978004,122,2.0
6,1.577165737063857,0.4468814256339959,1.5626232741710828,0.45236463331048665,123,2.0
6,1.4713426436194825,0.4427690198766278,1.482838629940914,0.45030843043180263,123,1.0
14,1.4696738211636615,0.46446700507614214,1.4768005803151785,0.4578045685279188,124,3.0
3,1.321432031072582,0.519516217702034,1.3229144892894416,0.5096206706981858,125,4.0
13,1.505234440349855,0.4844179651695692,1.4999105679016393,0.4867094408799267,125,2.0
6,1.3671921425440934,0.46675805346127486,1.3779466312335238,0.48115147361206306,126,2.0
18,1.5614008827333326,0.43454545454545457,1.566223593253594,0.4296103896103896,127,5.0
3,1.3530787517894685,0.5153930731170973,1.3528365207413122,0.5101704233095107,128,3.0
14,1.2842960067206832,0.5253807106598984,1.2761189344570723,0.5348984771573604,129,4.0
13,1.575602469588506,0.4532538955087076,1.5912740481872278,0.44179651695692024,129,2.0
15,1.3688440279552885,0.5733966745843231,1.3799677764434997,0.568646080760095,130,3.0
14,1.3754454814843116,0.5003172588832487,1.37733737284762,0.503489847715736,131,3.0
9,1.628903951298277,0.44695481335952847,1.6291282973261385,0.4405697445972495,132,3.0
18,1.506057816666442,0.43662337662337664,1.509286364394349,0.43792207792207793,132,3.0
13,1.530379644672768,0.46837763519706693,1.5266500749684166,0.46012832263978004,133,3.0
9,1.5465804973145132,0.43418467583497056,1.5303757759817458,0.44695481335952847,134,3.0
12,0.9831194993868396,0.6557213930348259,0.9788859251719803,0.6582089552238806,135,3.0
12,0.8932008877322448,0.681592039800995,0.9051481185860895,0.6771144278606965,135,1.0
14,1.237802365104559,0.5368020304568528,1.23556007346526,0.5472715736040609,136,4.0
10,1.6025720783158197,0.4103831891223733,1.610209073802302,0.3943139678615575,136,1.0
9,1.4440356137007768,0.4720039292730845,1.4506615770354956,0.48379174852652257,136,1.0
18,1.5090413143108417,0.4579220779220779,1.5139271149077973,0.46155844155844156,137,3.0
10,1.811439702478416,0.33930778739184175,1.8034411388805092,0.33559950556242274,137,1.0
12,0.8419877194053498,0.6940298507462687,0.8365490153061217,0.6940298507462687,138,2.0
14,1.3282235842670886,0.501269035532995,1.3329481872810325,0.5072969543147208,139,3.0
9,1.4124452641530214,0.4774066797642436,1.4240488989648277,0.46512770137524556,140,2.0
10,2.1303392800471395,0.28986402966625463,2.123414538257349,0.27812113720642767,141,3.0
18,1.7042681503295898,0.4111688311688312,1.705447382865014,0.4083116883116883,142,5.0
12,0.9015763049695029,0.6502487562189054,0.9073687670835808,0.6502487562189054,142,2.0
4,1.2369877911240057,0.6258205689277899,1.231348304571156,0.6203501094091903,143,0.0
9,1.5494893740108768,0.4081532416502947,1.5497722616364304,0.4032416502946955,144,2.0
18,1.5452480107468445,0.41584415584415585,1.5443145072614992,0.4225974025974026,144,4.0
7,1.2286693788278957,0.5511603375527426,1.235646019505046,0.5487869198312236,145,4.0
4,1.1552261772771373,0.6444201312910285,1.1448670946534405,0.650984682713348,145,0.0
12,0.9438863649297117,0.6472636815920398,0.9398491138249487,0.6502487562189054,146,3.0
9,1.4093114437429282,0.4867387033398821,1.4052156863371843,0.4867387033398821,146,2.0
4,1.079150295361909,0.6663019693654267,1.0911802839919826,0.661925601750547,146,0.0
9,1.47361338513305,0.48280943025540274,1.4647289355283637,0.49361493123772104,147,1.0
12,0.9158950545301485,0.6656716417910448,0.913389215481222,0.6880597014925374,148,2.0
7,1.2390007273557317,0.5603902953586498,1.235419064131467,0.556698312236287,148,4.0
18,1.6234851530310395,0.39844155844155843,1.625874891219201,0.39376623376623376,149,4.0
4,1.1261192745400728,0.6433260393873085,1.1286802122316424,0.6433260393873085,150,2.0
12,0.9544254244856574,0.6432835820895523,0.9456389895126002,0.6373134328358209,151,4.0
9,1.3966670626507292,0.48919449901768175,1.4047025081450906,0.4818271119842829,151,2.0
12,0.796092682216891,0.7194029850746269,0.7962264815966288,0.7263681592039801,152,3.0
10,1.7539850995036668,0.34548825710754016,1.7327739395228836,0.3584672435105068,153,2.0
7,1.2248021152955066,0.551951476793249,1.2274429214654592,0.5617088607594937,154,4.0
18,1.5925672643834894,0.4064935064935065,1.5944195882995407,0.405974025974026,155,4.0
9,1.5402851020423274,0.42730844793713163,1.535528433112124,0.4346758349705305,156,4.0
16,1.6797847300383253,0.42230252968508003,1.693988999448982,0.41765616933402167,157,4.0
13,1.427252438721801,0.49725022914757105,1.4316221073502033,0.49816681943171404,158,3.0
1,1.4498893224191611,0.49597238204833144,1.449838582610645,0.49712313003452246,159,2.0
7,1.2823018222921507,0.5390295358649789,1.2923737910226427,0.5387658227848101,160,4.0
9,1.4201164992712805,0.47102161100196466,1.415653463196895,0.47986247544204325,161,4.0
8,1.560123366993943,0.46250523669878507,1.5627385545186434,0.4666945957268538,162,4.0
13,1.3812138101138947,0.5252062328139322,1.3911029078564876,0.5316223648029331,163,3.0
1,1.3146664898743976,0.5609896432681243,1.3132137370191865,0.5661680092059839,164,3.0
0,1.3982315135656265,0.4910122989593188,1.399818363906983,0.4914853358561968,164,2.0
1,1.3334279747634818,0.5454545454545454,1.3416550167685137,0.5431530494821634,165,3.0
9,1.4718799858055789,0.45235756385068765,1.4642884368278188,0.45579567779960706,166,3.0
14,1.2711945717709923,0.5095177664974619,1.279753219657743,0.5136421319796954,167,3.0
13,1.517772736186614,0.4853345554537122,1.522493208689388,0.4853345554537122,168,4.0
0,1.3982627865494481,0.4981078524124882,1.399333684988031,0.49621570482497634,168,2.0
1,1.3835145012830288,0.5207134637514385,1.376325254198871,0.5212888377445339,169,2.0
10,1.5949880276681172,0.399876390605686,1.5947836160070374,0.3899876390605686,170,3.0
13,1.4307376561527618,0.504582951420715,1.423907457307104,0.5073327222731439,171,4.0
0,1.4577895354412587,0.467360454115421,1.444905502004452,0.47587511825922424,171,1.0
13,1.4030641832010775,0.5119156736938588,1.3915576411429946,0.5178735105407882,172,2.0
16,1.5961179569571302,0.4439855446566856,1.5818260524096905,0.4357253484770263,172,2.0
10,1.566690912352799,0.4122373300370828,1.5616265420418587,0.4085290482076638,173,2.0
13,1.385565381329831,0.5137488542621448,1.3744767226831942,0.5137488542621448,173,1.0
2,1.391099080645581,0.4790560471976401,1.3924767031664929,0.479646017699115,174,5.0
10,1.7049537916265989,0.3584672435105068,1.709815923598847,0.34857849196538937,174,1.0
0,1.4482810345029875,0.4763481551561022,1.4650046898716447,0.4739829706717124,175,3.0
16,1.6721258715495166,0.4062983995869902,1.66626574295233,0.403200826019618,175,2.0
0,1.4960339620864493,0.45931882686849573,1.4878367693106183,0.4555345316934721,176,2.0
13,1.3700165998815508,0.5210815765352887,1.384333995861487,0.5224564619615032,177,3.0
10,1.7535619746032545,0.36711990111248455,1.7572489338840631,0.3695920889987639,177,2.0
2,1.4311365487418461,0.47413962635201573,1.4303403971117858,0.4790560471976401,178,5.0
16,1.6325022459153238,0.41507485802787814,1.6206985731129802,0.42540010325245226,179,3.0
13,1.5249232838287143,0.46608615948670945,1.5127258547722584,0.4725022914757104,180,4.0
10,1.5684412398061292,0.3980222496909765,1.5647803941380107,0.4011124845488257,180,2.0
14,1.3654164384464322,0.5041243654822335,1.361479077847476,0.5072969543147208,181,4.0
13,1.4068133800976,0.5274977085242897,1.4014618287492957,0.5339138405132906,182,3.0
16,1.5552323821530123,0.45172947857511614,1.5719781811236104,0.44914816726897266,183,2.0
10,1.5970699868184528,0.40358467243510504,1.576314031267343,0.41409147095179233,184,2.0
2,1.427531416929577,0.4713864306784661,1.4347030270416126,0.4753195673549656,185,5.0
7,1.2842725605904302,0.5300632911392406,1.2902338444432127,0.5253164556962026,186,3.0
16,1.464901669098042,0.467733608673206,1.4731292903700255,0.47651006711409394,187,2.0
3,1.3666608612114024,0.5175920835623969,1.3513041767463243,0.5266630016492578,188,4.0
8,1.46196106596876,0.501466275659824,1.455129762548855,0.5052366987850859,189,3.0
4,1.1798130148610089,0.6356673960612691,1.182967115674551,0.6323851203501094,189,1.0
8,1.5474827320045341,0.4897360703812317,1.5411609119583884,0.48847926267281105,190,2.0
12,0.8764855079389923,0.6890547263681592,0.8732292013974925,0.6845771144278607,191,2.0
4,1.1720541006104952,0.6334792122538293,1.1721891610836304,0.6367614879649891,191,1.0
2,1.4011124731868418,0.4792527040314651,1.4077224886171233,0.47630285152409046,192,5.0
12,0.9386058376203129,0.6691542288557214,0.9373186793493394,0.6606965174129353,192,2.0
3,1.2623956714638516,0.5527762506871907,1.2629822625636793,0.5533260032985157,193,3.0
8,1.3691860819941641,0.5370758273984081,1.3608217095549655,0.5400083787180562,194,3.0
4,1.0980255230772156,0.6575492341356673,1.0882798237664955,0.6520787746170679,194,2.0
4,1.0876800385293606,0.6586433260393874,1.0919995017072566,0.6520787746170679,194,0.0
12,0.7981623911145908,0.7179104477611941,0.8095935010791417,0.7104477611940299,195,1.0
8,1.4479256207642317,0.5131964809384164,1.46017314616636,0.5073313782991202,196,3.0
4,1.062944584132806,0.650984682713348,1.079956129812829,0.6586433260393874,197,2.0
2,1.381488646237196,0.4898721730580138,1.3872729251518363,0.48475909537856443,198,6.0
3,1.3998010565515007,0.48598130841121495,1.3956544773469854,0.4846069268829027,198,4.0
12,1.211586893138601,0.5945273631840796,1.2110969137789598,0.5985074626865672,199,3.0
4,1.0214532183348741,0.6827133479212254,1.0213145614974608,0.6827133479212254,200,1.0
5,1.4433602166260089,0.4960247349823322,1.4329156247971335,0.49381625441696114,201,3.0
2,1.3744085148958565,0.4922320550639135,1.3759613066179093,0.4936086529006883,202,5.0
12,0.8256103430814411,0.708457711442786,0.8448489187961787,0.708457711442786,203,3.0
3,1.2945549116480672,0.5376580538757559,1.3028637280891464,0.5269378779549203,204,4.0
18,1.6008707764241603,0.4212987012987013,1.6055442301019445,0.4174025974025974,205,4.0
1,1.4899176909267833,0.498849252013809,1.4683144054149457,0.5166858457997698,206,2.0
5,1.4727698686687347,0.4902826855123675,1.4709170290101121,0.49646643109540634,206,3.0
6,1.36578710647868,0.4845784784098698,1.361623152712586,0.4838930774503084,206,2.0
1,1.3387004209744504,0.5546605293440736,1.313976126929833,0.5678941311852704,207,1.0
5,1.5374714885920602,0.48498233215547704,1.53811902250081,0.48851590106007065,208,2.0
6,1.2890923377011556,0.5065113091158328,1.282782102301155,0.5154215215901302,209,2.0
3,1.4229093682575908,0.4887300714678395,1.4176489405739499,0.4953271028037383,210,4.0
18,1.4828225778604482,0.44493506493506496,1.4815455186521853,0.4425974025974026,211,5.0
1,1.3194145025949071,0.5454545454545454,1.3204123259139418,0.547180667433832,212,3.0
6,1.2241989601303895,0.5524331734064428,1.234434263848376,0.5400959561343386,212,2.0
1,1.428178824955904,0.5189873417721519,1.4255937440760253,0.5097813578826237,213,2.0
7,1.211875991479254,0.5651371308016878,1.209234451945824,0.5651371308016878,214,4.0
6,1.2931320265272532,0.5017135023989033,1.3003355905240002,0.5071967100753941,215,1.0
0,1.4296260904115443,0.4924314096499527,1.4276571419290924,0.4957426679280984,216,3.0
3,1.313964345417159,0.5382078064870808,1.3101493951840477,0.5318856514568444,216,4.0
0,1.36864452916942,0.5122989593188269,1.37412933110063,0.5052034058656575,217,2.0
12,0.7959001905289456,0.7208955223880597,0.8083431902216441,0.718407960199005,218,3.0
17,1.358036653121213,0.5400500625782227,1.346168958797622,0.5413016270337923,219,3.0
19,1.2582189476539078,0.5310699588477367,1.2607316946296534,0.5271604938271605,220,5.0
13,1.4657292253483774,0.49725022914757105,1.4720833176980863,0.5,221,3.0
12,0.7693657100497193,0.7203980099502487,0.7676925403561758,0.7179104477611941,222,3.0
3,1.381730045965571,0.49862561847168774,1.3776692357805156,0.5049477735019241,222,4.0
17,1.222012009280495,0.5957446808510638,1.2229624009400941,0.5988735919899875,223,2.0
12,0.7339961655104338,0.7477611940298508,0.7389864671289624,0.7477611940298508,224,3.0
8,1.4521424041215876,0.5303728529534981,1.4598047122028417,0.5240888144113951,225,2.0
19,1.2840137713240007,0.5189300411522634,1.27694550620185,0.525514403292181,226,5.0
9,1.4287612115001866,0.48526522593320237,1.428561170349421,0.48870333988212183,227,3.0
3,1.2481851727835356,0.5481033534909291,1.2368057527143659,0.5582737768004398,227,3.0
9,1.3717222028724805,0.49705304518664045,1.3677438584198418,0.4931237721021611,228,1.0
8,1.3907948688427973,0.5215751989945538,1.395014009967128,0.5270213657310432,229,3.0
18,1.4424440542444006,0.44935064935064933,1.4312608998781675,0.46415584415584416,230,5.0
6,1.2581503405972978,0.5421521590130226,1.2554803750055796,0.5394105551747772,231,2.0
2,1.353805172478555,0.511307767944936,1.3591687529253513,0.5083579154375615,232,4.0
3,1.3429112318389163,0.508521165475536,1.33896852673378,0.5203408466190215,232,4.0
8,1.2760881673955098,0.5488060326770005,1.2805869584808702,0.5379136992040218,233,2.0
10,1.5772860980004404,0.3936959208899876,1.5836219849486286,0.3862793572311496,234,1.0
18,1.426732508733675,0.46025974025974026,1.4264929922524985,0.4664935064935065,235,3.0
8,1.3493583510498348,0.5194805194805194,1.3528725819254102,0.5219941348973607,236,2.0
10,2.313504333549141,0.3046971569839308,2.321113192696212,0.3009888751545117,237,2.0
2,1.3154865041712158,0.5164208456243854,1.303560767694209,0.52015732546706,237,5.0
3,1.3604938515337566,0.5321605277625069,1.370143828842914,0.5288620120945574,238,4.0
10,1.6672837734222412,0.40234857849196537,1.6736184529527303,0.40296662546353523,238,1.0
8,1.2520866524389114,0.5605362379555928,1.2629742923020617,0.5626309174696271,239,2.0
18,1.4524181731954797,0.4779220779220779,1.44747450933828,0.4781818181818182,240,3.0
10,1.5053846666633126,0.453646477132262,1.4928546607568032,0.4573547589616811,241,2.0
3,1.225107083155468,0.5692688290269379,1.2185215626266253,0.5574491478834525,241,4.0
10,1.4867141750745927,0.449938195302843,1.500183438046459,0.44932014833127315,241,1.0
9,1.4423199170699055,0.46021611001964635,1.44417044432552,0.4587426326129666,242,1.0
2,1.3013771987359901,0.5225172074729597,1.2999796183997785,0.5227138643067847,243,4.0
10,1.4126238548858794,0.4777503090234858,1.4044247538551264,0.47280593325092707,243,1.0
3,1.4337142345471459,0.5261132490379329,1.433325035025485,0.5247388675096206,244,3.0
18,1.4437860605314181,0.4748051948051948,1.4479987651651556,0.4763636363636364,245,4.0
9,1.3322700697687144,0.5201375245579568,1.338905332130627,0.5196463654223968,246,3.0
2,1.8717857557763744,0.35162241887905604,1.8842582718343743,0.3496558505408063,246,4.0
10,1.4376365767126473,0.4635352286773795,1.4320441270788167,0.46168108776267,247,2.0
9,1.3048015980448844,0.5147347740667977,1.3173075825385823,0.5103143418467584,247,2.0
10,1.4761685638404158,0.43510506798516685,1.4622693080984617,0.4505562422744129,248,2.0
3,1.2270739610015593,0.5585486531061022,1.2191883424863244,0.5588235294117647,249,3.0
9,1.4620893313046288,0.4857563850687623,1.4648201674047294,0.4906679764243615,250,2.0
18,1.532117466059598,0.44701298701298703,1.5216942797697983,0.44883116883116886,251,5.0
10,1.47844135230787,0.4511742892459827,1.4886495756130431,0.4511742892459827,252,3.0
2,1.4707356075738853,0.46430678466076697,1.4605680487500532,0.46922320550639135,253,5.0
8,1.3572563687577426,0.5169669040636783,1.3531394294479875,0.5215751989945538,254,3.0
3,1.197304866679623,0.5849367784496976,1.1986697720196826,0.5805387575590985,255,4.0
11,1.4036557128938014,0.47977795400475814,1.4083825173026319,0.4845360824742268,256,2.0
0,1.3484515053208639,0.5018921475875118,1.3617956735327656,0.5070955534531694,257,3.0
14,1.1380475233048957,0.5904187817258884,1.1496820292497045,0.5805837563451777,257,4.0
6,1.3138562630430486,0.49074708704592185,1.326498473973369,0.5044551062371487,258,2.0
0,1.3457517735554345,0.521759697256386,1.3467409421276573,0.5250709555345316,259,3.0
5,1.356290640342362,0.5167844522968198,1.349743343073572,0.5110424028268551,260,3.0
11,1.236072163842766,0.5590800951625694,1.2422049584415202,0.5408406026962728,260,3.0
6,1.1934170113433462,0.5455791638108294,1.1852551239496065,0.5462645647703906,261,1.0
5,1.3648372084007667,0.5234098939929329,1.3539279374975197,0.5251766784452296,262,3.0
14,1.2471164755409745,0.5501269035532995,1.255796983762441,0.5520304568527918,262,3.0
11,1.2207739460950424,0.5590800951625694,1.2157247663962283,0.56304520222046,263,2.0
0,1.3354035347502753,0.521759697256386,1.3292690838071233,0.5293282876064334,264,3.0
5,1.3641575364257759,0.5004416961130742,1.3642223997587872,0.5145759717314488,264,3.0
0,1.3095079194631007,0.533585619678335,1.318385988445697,0.5245979186376537,265,2.0
7,1.1740017349709941,0.5843881856540084,1.1837720116482506,0.5812236286919831,266,4.0
10,1.499088205277404,0.4480840543881335,1.4939103178099737,0.44252163164400493,267,3.0
14,1.1751667067484202,0.5780456852791879,1.1718332894562464,0.5878807106598984,268,4.0
5,1.426158448411382,0.5216431095406361,1.4420349416800187,0.5114840989399293,269,3.0
8,1.36858032750544,0.5333054042731462,1.370438101054936,0.5261834939254294,269,3.0
5,1.3774188693757614,0.5459363957597173,1.3839494891385729,0.5348939929328622,270,2.0
13,1.3503810026359384,0.5494958753437214,1.3435231257096876,0.5403299725022914,271,3.0
16,1.5291099617883726,0.4579246257098606,1.5281198385393244,0.4558595766649458,272,3.0
7,1.3112028268822136,0.5303270042194093,1.314439978277633,0.5332278481012658,273,5.0
8,1.317664865324774,0.5286971093422707,1.3138612556717213,0.5324675324675324,273,2.0
12,0.7897360623179384,0.7288557213930348,0.7854951266625627,0.7253731343283583,274,2.0
13,1.3732981034968557,0.5265811182401466,1.3903424348118762,0.5210815765352887,275,2.0
16,1.4312361192013963,0.4780588538977801,1.4282152218860513,0.47496128033040785,276,3.0
7,1.1269852732807273,0.5938818565400844,1.1274628674430687,0.602584388185654,277,5.0
8,1.4659598022012668,0.5236698785085881,1.4531850617052773,0.5207373271889401,278,4.0
12,0.7159091984454672,0.7502487562189055,0.7178783024721478,0.7368159203980099,279,4.0
13,1.4163365149913196,0.504582951420715,1.408021974192094,0.5064161319890009,279,3.0
12,0.7675651393126492,0.7174129353233831,0.7681709929485226,0.7258706467661692,280,3.0
0,1.3326218619928567,0.5127719962157048,1.343331467349685,0.4990539262062441,280,1.0
12,0.7627964753416641,0.7333333333333333,0.7494030863491457,0.7233830845771144,281,2.0
13,1.2794406830335734,0.5650779101741522,1.2704263424021076,0.5586617781851513,282,2.0
2,1.2685338022200172,0.5368731563421829,1.2656861703538849,0.5441494591937069,283,5.0
3,1.269559486217719,0.5404068169323805,1.272911707734983,0.537108301264431,284,4.0
0,1.274077779522682,0.5525070955534531,1.2797737738492925,0.5520340586565752,285,3.0
12,0.7333095536303165,0.7233830845771144,0.7304237889413217,0.7298507462686568,286,4.0
13,1.3109155840878088,0.5439963336388635,1.29408931557352,0.5485792850595783,286,2.0
12,0.7055784196995977,0.7303482587064677,0.699603289632655,0.7412935323383084,287,3.0
6,1.2524125004076156,0.5476353666895134,1.2560001876437559,0.5476353666895134,288,2.0
13,1.4055618029139,0.5183318056828597,1.4052201880980368,0.5197066911090742,289,1.0
2,1.3368481776238426,0.5181907571288102,1.3406670510827499,0.5162241887905604,290,5.0
19,1.2328973858444778,0.5567901234567901,1.236537623797915,0.5576131687242798,290,5.0
16,1.6102217324443495,0.4305627258647393,1.6061143675721916,0.4186886938564791,291,2.0
18,1.429958028174066,0.4818181818181818,1.4375410096057049,0.4818181818181818,292,4.0
7,1.0883931037242907,0.6173523206751055,1.0804114105329232,0.617879746835443,293,3.0
2,1.3647384635349524,0.5091445427728614,1.3575789728933614,0.5054080629301868,294,5.0
16,1.5065270230274073,0.4568921011874032,1.5163976454402468,0.45482705214248836,295,3.0
19,1.4665541909849693,0.48415637860082306,1.4655974136949077,0.4802469135802469,296,5.0
17,1.1668361558186098,0.6076345431789737,1.159824625123875,0.6214017521902377,297,2.0
18,1.409639762098139,0.47324675324675325,1.4073990502914826,0.4794805194805195,297,4.0
7,1.1260885588730438,0.5970464135021097,1.1297130675255498,0.5965189873417721,298,4.0
17,1.2053572363937006,0.6145181476846058,1.2105458847273873,0.6026282853566959,299,2.0
16,1.949634024268521,0.32627774909654106,1.9293245934430754,0.3304078471863707,300,4.0
16,1.5278694896766927,0.4599896747547754,1.5305926308658977,0.4605059370160041,300,1.0
17,1.1835612719587152,0.6188986232790988,1.1843965860720123,0.6239048811013768,301,1.0
18,1.4098388318891648,0.4753246753246753,1.403478872001945,0.4727272727272727,302,4.0
7,1.1491917884802516,0.5835970464135021,1.135752746324499,0.5933544303797469,303,4.0
19,1.1962709875263795,0.55,1.1921836501776928,0.5493827160493827,304,7.0
16,1.3984841311414893,0.4894166236448116,1.4038076810019497,0.48322147651006714,304,2.0
17,1.1318252610324768,0.6182728410513142,1.1287219904838723,0.6182728410513142,305,2.0
15,1.2010987050742832,0.6152019002375297,1.2103312221672076,0.6028503562945369,306,2.0
19,1.2083191604771242,0.565843621399177,1.2102024564036618,0.5596707818930041,307,4.0
8,1.2836374619739246,0.5433598659405111,1.2830520270507006,0.5425219941348973,308,4.0
16,1.6137428396931,0.453794527620031,1.6154354055578954,0.44605059370160044,309,3.0
14,1.1726258218590984,0.5685279187817259,1.174937746246454,0.5748730964467005,310,4.0
4,1.0555910721127784,0.6739606126914661,1.0744906609115767,0.6695842450765864,311,1.0
16,1.3267017138884372,0.5209086215797625,1.3451953170591244,0.5105833763551885,312,2.0
2,1.260527478652249,0.5372664700098329,1.269075359777715,0.535299901671583,313,5.0
4,0.9970716402358508,0.6914660831509847,0.9946679812030667,0.6903719912472648,314,2.0
19,1.3745452320624771,0.4897119341563786,1.3665942397137238,0.49135802469135803,314,6.0
14,1.1123865165081122,0.5935913705583756,1.1213184849259816,0.5881979695431472,315,4.0
4,0.9750670932836554,0.6892778993435449,0.9676795115356112,0.6947483588621444,316,3.0
11,1.3038857329184814,0.5432196669310071,1.294667169936208,0.5455987311657414,317,2.0
16,1.3094027058390163,0.546205472379969,1.311367626342813,0.5389778007227671,318,4.0
16,1.5231589085672956,0.4801239029426949,1.527526009002788,0.4770263293753227,318,2.0
19,1.3931395985952622,0.5004115226337449,1.3996552739123749,0.5074074074074074,319,4.0
18,1.452712169065104,0.46155844155844156,1.4538431011546742,0.4625974025974026,320,4.0
10,1.459340568083915,0.4468479604449938,1.467671785572698,0.44932014833127315,321,2.0
16,1.417868595241454,0.4925141972121838,1.4106356534504927,0.4940629839958699,321,2.0
7,1.133544265972411,0.5946729957805907,1.135409395402997,0.5981012658227848,322,5.0
10,1.5200272645290172,0.446229913473424,1.531257061050613,0.4363411619283066,322,2.0
5,1.2555857395536065,0.5503533568904594,1.2559990335269025,0.5468197879858657,323,2.0
16,1.406428857383866,0.49974186886938565,1.4017925208293105,0.49870934434692826,324,2.0
10,1.503533436724518,0.4326328800988875,1.496397278070155,0.4369592088998764,325,2.0
18,1.552099338754431,0.4535064935064935,1.5476379980359758,0.4522077922077922,326,5.0
7,1.2301276036958655,0.560126582278481,1.213318049656188,0.5688291139240507,326,4.0
5,1.3673999621253132,0.5291519434628975,1.3557485173532062,0.532243816254417,327,3.0
6,1.2956459730598027,0.5161069225496916,1.2886235490083857,0.5133653187114462,328,2.0
18,1.5214848709106445,0.44233766233766236,1.507960794560321,0.44805194805194803,329,4.0
2,1.2941696682041959,0.5262536873156343,1.2873725827816314,0.5189773844641101,330,4.0
7,1.192479495257768,0.564873417721519,1.1807796854510086,0.5748945147679325,331,4.0
6,1.220161531950367,0.5517477724468814,1.2161605715179704,0.5517477724468814,332,3.0
14,1.1340545512698024,0.5954949238578681,1.1271961364649274,0.6034263959390863,332,4.0
11,1.1436024268027056,0.5749405233941316,1.1398929681785517,0.578112609040444,333,2.0
6,1.2799556396692235,0.5284441398217957,1.2791319011906552,0.520904729266621,334,3.0
6,1.1204947837008605,0.5942426319396847,1.1382944646806568,0.5771076079506511,334,2.0
7,1.1130349761826077,0.5994198312236287,1.11959521931435,0.5922995780590717,335,2.0
2,1.3632823244543084,0.5024582104228122,1.3549551675687732,0.5048180924287119,336,4.0
6,1.1502576051630984,0.5510623714873201,1.1677011457349111,0.5496915695681974,337,2.0
14,1.0824396746412752,0.6062817258883249,1.0851284332081752,0.6046954314720813,337,4.0
3,1.2156006028325823,0.5629466739967015,1.2088427986660917,0.5629466739967015,337,2.0
6,1.3042130852660714,0.5092529129540782,1.310515427687464,0.5174777244688142,338,2.0
16,1.377398362834243,0.5141972121837893,1.3777412365685435,0.5095508518327311,339,3.0
10,1.3948185717956392,0.5049443757725587,1.3904202046294147,0.4919653893695921,340,3.0
14,1.2371911264313054,0.569479695431472,1.250846745399049,0.5583756345177665,341,5.0
4,0.9484243202522494,0.6969365426695843,0.9433185287325335,0.7045951859956237,341,1.0
16,1.6867171759204145,0.4434692823954569,1.6848150345856958,0.4486319050077439,342,2.0
3,1.1710920791956276,0.5791643760307862,1.1574257548003488,0.5871357888949973,343,4.0
14,1.1521994898161911,0.5910532994923858,1.1543945213259779,0.5809010152284264,343,4.0
10,1.5768676384712474,0.44437577255871447,1.5613249484334504,0.4400494437577256,343,2.0
4,0.969811052410034,0.7035010940919038,0.9773492536607404,0.7013129102844639,344,1.0
16,1.3882101852991067,0.49974186886938565,1.3893231010707803,0.5023231801755291,345,2.0
10,1.453953745633327,0.43757725587144625,1.4493839392998016,0.4326328800988875,346,2.0
14,1.123783590829917,0.6040609137055838,1.1315931220950208,0.6027918781725888,346,3.0
3,1.2960278858123997,0.5808136338647608,1.3108301725670688,0.5645959318306762,347,4.0
4,0.9215911055550272,0.7045951859956237,0.8987226465337907,0.7100656455142232,348,3.0
10,1.4150410404311418,0.4721878862793572,1.4157009291265745,0.47404202719406674,348,2.0
4,0.9712158430457376,0.6903719912472648,0.9704603882795872,0.6991247264770241,349,2.0
7,1.3692230272896682,0.5247890295358649,1.3814211203579159,0.5234704641350211,350,4.0
14,1.0878851540802699,0.6135786802030457,1.0966513350530325,0.6129441624365483,351,4.0
10,1.4069449584769966,0.4777503090234858,1.4047290064643134,0.4647713226205192,351,2.0
6,1.147445786726483,0.5832762165867033,1.146655916840839,0.5777930089102125,352,1.0
3,1.081482941597094,0.6151731720725674,1.0771295553776772,0.6195711929631665,353,4.0
14,1.108077222320634,0.6021573604060914,1.1057525407239266,0.600253807106599,354,3.0
10,1.5466890215726365,0.39184177997527814,1.5258432968585247,0.40914709517923364,354,2.0
7,1.1924598725033209,0.5498417721518988,1.1894997277843298,0.5537974683544303,355,4.0
8,1.3435159347823438,0.5421030582320905,1.355017223515968,0.5450356095517386,356,3.0
14,1.1456252941625373,0.603743654822335,1.1490777924581228,0.6031091370558376,356,3.0
10,1.390938566700637,0.48084054388133496,1.3796681827314115,0.48763906056860323,357,1.0
3,1.3041272830543706,0.5629466739967015,1.2959623182783289,0.5731170973062122,358,4.0
8,1.2929811402749556,0.5416841223292836,1.2987853732127048,0.5429409300377043,359,4.0
9,1.3395554686810507,0.519155206286837,1.3537860853498718,0.5171905697445972,359,3.0
8,1.1902231346577044,0.5819019689987432,1.1917023480962299,0.5772936740678676,360,2.0
14,1.0950674490275116,0.6088197969543148,1.0848735437780468,0.6129441624365483,361,4.0
9,1.366515549554806,0.5162082514734774,1.36066487495932,0.5304518664047151,361,1.0
3,1.205911603060445,0.5667949422759758,1.1997240717559152,0.5637713029136888,362,2.0
2,1.2454000143643795,0.5459193706981318,1.2392512586850566,0.5514257620452311,363,4.0
14,1.213553405655217,0.5783629441624365,1.2329478378828407,0.5751903553299492,363,2.0
8,1.2277556702238674,0.5689149560117303,1.2624805049512693,0.5609551738583997,364,3.0
9,1.3080339031275692,0.5392927308447937,1.3146323602653909,0.5358546168958742,364,1.0
8,1.177716867665042,0.5915374947633012,1.1855748117244738,0.5881860075408463,365,2.0
2,1.3217986899960124,0.5321533923303835,1.3216248469601222,0.528023598820059,366,4.0
9,1.2837240328254775,0.5392927308447937,1.297521720232336,0.5319253438113949,367,1.0
3,1.1265969212203317,0.6091258933479934,1.1376593428827237,0.6006047278724574,368,4.0
14,1.2290762487401816,0.5942258883248731,1.2275824970400273,0.5869289340101523,368,3.0
8,1.2409743814724081,0.5588604943443654,1.2176702932478445,0.5714285714285714,369,3.0
12,0.7519285977776371,0.7263681592039801,0.7528235376770817,0.7388059701492538,369,1.0
8,1.1625951381223092,0.585672392124005,1.1591344500466976,0.5802262253875157,370,2.0
10,1.4226361576499986,0.4796044499381953,1.4303573940239378,0.46971569839307786,371,3.0
3,1.1347733331028087,0.5978559648158329,1.1406281356827253,0.6022539857064321,371,4.0
10,1.3784043678394502,0.4783683559950556,1.3859581111830157,0.4746600741656366,372,2.0
14,1.090002148889648,0.6015228426395939,1.085599687498838,0.6040609137055838,373,4.0
12,0.9831037740802291,0.6557213930348259,0.9686898258788076,0.6626865671641791,374,3.0
8,1.1391817564538798,0.6020108923334729,1.1380051532249147,0.592375366568915,374,3.0
12,0.9786447194085193,0.6606965174129353,0.9722200027152673,0.6532338308457711,375,2.0
3,1.269423251495445,0.5525013743815284,1.2644165735968265,0.5623969213853766,376,3.0
14,1.103916990878013,0.6015228426395939,1.1048556596494568,0.6100888324873096,377,3.0
8,1.259378706355149,0.5622119815668203,1.2467040481255751,0.5655634687892752,378,2.0
12,0.7373864992934079,0.7288557213930348,0.7445925819933118,0.7288557213930348,378,2.0
19,1.1532150784637702,0.5862139917695474,1.168954814804925,0.5790123456790124,379,5.0
0,1.2707442132052997,0.5425733207190161,1.2838812345813329,0.5298013245033113,380,2.0
8,1.2617576297577027,0.5416841223292836,1.2690234520368413,0.5458734813573524,381,3.0
12,0.6858646308604758,0.7587064676616916,0.682714673654357,0.7577114427860696,382,3.0
9,1.2322968073584477,0.5496070726915521,1.2366920480091117,0.5535363457760314,383,2.0
13,1.3597475767244886,0.5348304307974335,1.3490595366297022,0.5472043996333639,384,2.0
2,1.2411858175122046,0.552212389380531,1.2335579600423252,0.5565388397246804,385,6.0
8,1.2088446648589328,0.5731043150397989,1.2032286521027065,0.5697528278173439,386,3.0
12,0.6789942263370723,0.7507462686567165,0.6726853979167654,0.7532338308457711,386,3.0
8,1.4511911403099063,0.47716799329702553,1.4622124780108352,0.47549224968579806,387,2.0
13,1.2817130782645738,0.5453712190650779,1.2722164725732847,0.5476626947754354,388,3.0
18,1.4180324139533105,0.4812987012987013,1.418213409944014,0.49064935064935067,389,5.0
12,0.6681384194549637,0.7696517412935323,0.6708094631854574,0.7631840796019901,390,3.0
1,1.1292327399632462,0.6110471806674338,1.1266332466939788,0.616800920598389,391,2.0
13,1.2308188293856508,0.5733272227314391,1.2136844580158195,0.578826764436297,392,3.0
2,1.2824087777555047,0.5459193706981318,1.2795388670914762,0.5500491642084563,393,6.0
12,0.6958137436292657,0.7517412935323383,0.6919397916366805,0.7442786069651741,394,3.0
18,1.3580986731392997,0.49454545454545457,1.3499851578551454,0.49272727272727274,395,5.0
16,1.3268828599429585,0.5224574083634487,1.3282682269150041,0.5121321631388746,396,2.0
14,1.1712176091779911,0.5996192893401016,1.1627357550683965,0.5983502538071066,397,4.0
0,1.2297518933958453,0.543046357615894,1.2341810786284246,0.5416272469252602,397,1.0
16,1.9552785140925237,0.36396489416623645,1.9489199885032076,0.36757872999483737,398,1.0
14,1.1656465675625098,0.5878807106598984,1.1703779334344235,0.5875634517766497,399,3.0
2,1.1956909650663827,0.5634218289085545,1.1983058504884807,0.5657817109144543,400,5.0
18,1.5052479270835974,0.4522077922077922,1.506750632942497,0.44805194805194803,401,4.0
0,1.265616997752194,0.5368968779564806,1.2753552801787233,0.5506149479659413,401,3.0
10,1.3455262602628089,0.4765142150803461,1.341258258401095,0.4919653893695921,402,2.0
6,1.17924437639728,0.5860178204249485,1.1981012549115992,0.5867032213845099,403,3.0
18,1.490200127874102,0.4792207792207792,1.4996336324493607,0.47584415584415585,404,5.0
0,1.2544925044816737,0.5411542100283823,1.2758019320109935,0.5387890255439924,405,2.0
2,1.4066422480983602,0.48652900688298917,1.4026522385570035,0.4816125860373648,406,4.0
3,1.1016983604483581,0.6151731720725674,1.0973285803302033,0.6209455744914788,407,3.0
1,1.3170607214830001,0.5558112773302647,1.3195427283044514,0.5546605293440736,408,2.0
13,1.2122656623777395,0.580659945004583,1.2093605413882695,0.576076993583868,408,2.0
7,1.0426968411554265,0.6199894514767933,1.052066929732697,0.625,409,5.0
1,1.1713142124775227,0.6075949367088608,1.180629162300031,0.5983889528193326,409,1.0
5,1.383006516699235,0.5348939929328622,1.3961442654208664,0.526060070671378,410,1.0
13,1.2473717000263749,0.5517873510540788,1.239365650578227,0.5664527956003667,411,2.0
7,1.1575536813414047,0.5738396624472574,1.1659624843154779,0.5709388185654009,412,3.0
1,1.2307900097071096,0.5857307249712314,1.2129028810593283,0.5874568469505178,413,3.0
2,1.2316489290464359,0.5551622418879056,1.2342726945877076,0.5557522123893806,414,6.0
15,1.1893402954178582,0.604750593824228,1.1852607963770416,0.6052256532066508,414,3.0
14,1.026987193804707,0.6399111675126904,1.0195826679316875,0.6408629441624365,415,3.0
1,1.2886308068098764,0.5448791714614499,1.2910999856692051,0.5477560414269275,416,1.0
2,1.176120054663224,0.576007866273353,1.170034838074428,0.5663716814159292,417,5.0
7,1.1245338353426648,0.6136603375527426,1.127530854965564,0.609704641350211,418,5.0
15,1.0191723285548193,0.665083135391924,1.0179149918771413,0.6655581947743467,418,2.0
1,1.1319296572644637,0.6208285385500575,1.125395653848681,0.6133486766398158,419,2.0
14,1.3303331802339118,0.5434644670050761,1.3330007168242168,0.5418781725888325,420,4.0
7,1.011551970670998,0.6389767932489452,1.0277072545848316,0.6387130801687764,421,3.0
15,1.0579553564483932,0.6546318289786224,1.0399258864463934,0.6484560570071259,422,2.0
1,1.1146149981008162,0.622554660529344,1.1232187874160784,0.6231300345224395,423,2.0
19,1.1690145523459823,0.5650205761316872,1.159845704110071,0.5652263374485597,424,6.0
14,0.993217838294615,0.6456218274111675,0.9990097320624415,0.6446700507614214,425,4.0
9,1.2181598055807688,0.5658153241650294,1.2047267423865837,0.5574656188605108,426,3.0
17,1.0810475673186166,0.646433041301627,1.0575134964550243,0.6495619524405507,427,3.0
5,1.2596835243407072,0.5362190812720848,1.249752997088348,0.5397526501766784,428,3.0
16,1.2915096468204188,0.535880227155395,1.2705440391999394,0.5487867836861126,429,4.0
13,1.1855941820756544,0.5861594867094408,1.1872790284270436,0.5847846012832264,429,3.0
16,1.3740893642374332,0.5059370160041301,1.3950147316759864,0.4925141972121838,430,3.0
9,1.1968849602288956,0.5545186640471512,1.1992930056772437,0.556483300589391,431,3.0
17,1.0824777156450274,0.6408010012515645,1.0981829525979798,0.6345431789737171,432,4.0
17,1.0437209009378217,0.6614518147684606,1.0412779300472466,0.6639549436795995,432,2.0
5,1.3388475192309268,0.5309187279151943,1.3280421356430323,0.5348939929328622,433,3.0
13,1.2470862341517162,0.5756186984417965,1.2408717994182947,0.5682859761686526,433,2.0
16,1.4167785879626493,0.518327310273619,1.4245786044052353,0.5074858027878162,434,2.0
17,1.0239082731502376,0.6508135168961201,1.0321494061896141,0.6508135168961201,435,2.0
9,1.4382029879538156,0.49803536345776034,1.437698786057283,0.4955795677799607,436,4.0
5,1.449633171617353,0.5163427561837456,1.4246113228713666,0.5163427561837456,436,4.0
13,1.1810826960776948,0.5962419798350137,1.1844412457167173,0.5884509624197983,436,1.0
9,1.8025460308801917,0.4356581532416503,1.839774097815478,0.43664047151277013,437,2.0
5,1.2326173837109085,0.5715547703180212,1.2317718654976295,0.5706713780918727,437,2.0
17,1.0932754318466473,0.6414267834793492,1.0978985147571683,0.646433041301627,438,2.0
9,1.1603553592573215,0.5712180746561886,1.163772969911047,0.5736738703339882,439,2.0
13,1.2160850235565772,0.5756186984417965,1.2215628759452337,0.5719523373052245,440,3.0
19,1.2719733364788102,0.5483539094650206,1.2707792535240268,0.5483539094650206,441,5.0
6,1.198408432738923,0.5620287868403016,1.1958130176872974,0.5620287868403016,442,2.0
5,1.247896443828677,0.5662544169611308,1.2591776359207638,0.558303886925795,443,4.0
9,1.4748440278302475,0.4715127701375246,1.4729320876490626,0.47396856581532415,443,2.0
5,1.2868486436432747,0.5441696113074205,1.2721295491545446,0.5454946996466431,444,3.0
13,1.2103095497154075,0.5838680109990834,1.2071332863773587,0.5820348304307974,445,4.0
12,0.7575603386655969,0.7373134328358208,0.7466312952895663,0.7368159203980099,445,2.0
13,1.276873352110222,0.5586617781851513,1.272619313761032,0.5568285976168652,446,2.0
9,1.220285084486476,0.5569744597249509,1.2106903533804394,0.5535363457760314,447,3.0
3,1.215062225566191,0.5667949422759758,1.216317230492519,0.5659703133589885,448,4.0
5,1.223731607514641,0.5795053003533569,1.2223905906239163,0.5764134275618374,449,3.0
12,0.8343715692634013,0.7044776119402985,0.8185205973202909,0.7139303482587065,449,2.0
16,1.3846995253260135,0.5110996386164172,1.379890709423071,0.5126484254001032,450,2.0
5,1.3277254538485523,0.5282685512367491,1.3300406326253507,0.5291519434628975,451,3.0
11,1.1510985450646312,0.5733544805709754,1.126831015927937,0.578112609040444,452,3.0
8,1.0685505597073013,0.6355257645580227,1.0640364633627302,0.6330121491411814,453,4.0
12,0.6923616099120372,0.7572139303482587,0.6939739521463119,0.7611940298507462,454,3.0
17,1.0123851447738008,0.6652065081351689,1.020152192091912,0.6695869837296621,455,4.0
18,1.312649636144762,0.5122077922077922,1.3184076784183452,0.5023376623376623,456,3.0
0,1.190732171429478,0.5737937559129612,1.1855020891864456,0.5737937559129612,457,3.0
8,1.1744565466831656,0.5865102639296188,1.1786257143943542,0.5877670716380394,457,3.0
4,0.8986076507839645,0.7363238512035011,0.8891257616310203,0.737417943107221,458,1.0
0,1.2440496360567683,0.5350047303689688,1.2457700385839847,0.5387890255439924,459,3.0
19,1.2675421360588859,0.5185185185185185,1.2682068403856255,0.5185185185185185,460,4.0
4,0.8948578646720369,0.7199124726477024,0.9067117424449461,0.7363238512035011,461,1.0
8,1.4662169376875898,0.5224130708001675,1.470765028880838,0.5228320067029745,461,3.0
18,1.2954674010462575,0.5119480519480519,1.2917812757987481,0.5163636363636364,462,5.0
4,0.9561445791298764,0.7166301969365426,0.9583867141402264,0.712253829321663,463,2.0
0,1.2023886720752988,0.5666982024597919,1.189665854371936,0.5733207190160833,464,3.0
9,1.2445289489094074,0.5451866404715128,1.2488166061037884,0.5442043222003929,465,4.0
8,1.1858951482105615,0.591956430666108,1.1931493708315284,0.5911185588604944,465,2.0
9,1.2360225962749398,0.5476424361493124,1.2296310506307306,0.5476424361493124,466,3.0
11,1.085603687613848,0.6145915939730373,1.0862401306487377,0.6161776367961935,467,2.0
5,1.2562797099035958,0.5737632508833922,1.2708115813588927,0.5644876325088339,468,3.0
18,1.3559432578396489,0.5062337662337663,1.357734589019379,0.5005194805194805,469,5.0
8,1.1758162755570654,0.592375366568915,1.1529452937589213,0.6028487641390867,470,4.0
12,0.7792029567618868,0.7348258706467662,0.7771810850693812,0.7268656716417911,471,4.0
11,1.0843780185380312,0.6185567010309279,1.0934360271214871,0.6169706582077716,471,3.0
11,1.0196935542512753,0.6463124504361618,1.0178990016183997,0.6415543219666932,471,1.0
12,0.7098821844034527,0.7671641791044777,0.71245425405787,0.7626865671641792,472,3.0
11,1.1344243193504642,0.584456780333069,1.1313550642423456,0.5900079302141158,473,1.0
7,1.107951440891636,0.6078586497890295,1.1005933697213603,0.6065400843881856,474,5.0
13,1.17647457199289,0.5921173235563703,1.183895364581282,0.5957836846929423,474,3.0
18,1.3991585836782083,0.47194805194805195,1.3989375900912595,0.46805194805194805,474,3.0
12,0.811587232855422,0.7149253731343284,0.8130270857716081,0.7208955223880597,475,2.0
11,1.0704176205666078,0.6137985725614592,1.0700365338979687,0.6098334655035687,476,2.0
13,1.1518944534656654,0.6021998166819432,1.1557160468958148,0.6031164069660861,477,3.0
7,0.9962175611705216,0.6400316455696202,0.9856911749276431,0.6424050632911392,477,3.0
13,1.3046568604809334,0.5646196150320807,1.3091180401040696,0.5701191567369386,478,2.0
18,1.3329858248574393,0.5012987012987012,1.3371959725912514,0.4948051948051948,479,3.0
9,1.2110633892254183,0.5805500982318271,1.2082412657428585,0.5766208251473477,480,3.0
13,1.1717875442517995,0.5824931255728689,1.1690201199896066,0.5980751604032998,481,2.0
2,1.2751649428023466,0.5549655850540807,1.2749250987989713,0.5528023598820059,482,5.0
7,1.0066870735164433,0.6479430379746836,1.0033347196719817,0.6476793248945147,482,4.0
9,1.1564231178849527,0.5766208251473477,1.1558401067036776,0.581532416502947,483,2.0
18,1.3421386464849694,0.5033766233766234,1.342571947543652,0.5028571428571429,484,4.0
8,1.1158038058888229,0.6137410976120653,1.108146419722913,0.6166736489317135,485,2.0
2,1.2287125976622515,0.5490658800393313,1.226642311592252,0.551819075712881,486,4.0
7,1.0630030888545363,0.6244725738396625,1.0630657793600349,0.6281645569620253,487,4.0
8,1.1847191396296948,0.5953079178885631,1.1824225241737383,0.592375366568915,488,2.0
18,1.2838057470321655,0.5142857142857142,1.2844926036487927,0.5174025974025974,489,4.0
19,1.0932341710039617,0.6150205761316873,1.084038289289906,0.6203703703703703,489,4.0
8,1.15543939371113,0.6041055718475073,1.1563436436163714,0.6108085462924172,489,0.0
18,1.4140485794513256,0.4857142857142857,1.4197730580862467,0.4841558441558442,490,2.0
7,1.003428344485126,0.6495253164556962,1.0146727954285055,0.6495253164556962,490,2.0
2,1.1773430001653635,0.5826941986234022,1.168461576159842,0.5826941986234022,491,3.0
19,1.0718315189267382,0.6121399176954733,1.065999779387266,0.6129629629629629,492,4.0
8,1.184253343239358,0.591956430666108,1.1809261262192106,0.5944700460829493,492,2.0
18,1.2998468864738166,0.5150649350649351,1.3029299967629568,0.5184415584415585,493,3.0
7,1.1048553070438563,0.6112869198312236,1.092206771363689,0.6141877637130801,494,3.0
19,1.1601307468649782,0.560082304526749,1.1662118013994194,0.5617283950617284,495,4.0
8,1.1046064939766584,0.6062002513615417,1.1049494174518593,0.6133221617092585,495,1.0
9,1.195021839413521,0.5658153241650294,1.1865288698368786,0.5667976424361493,496,2.0
2,1.2018824039307316,0.5651917404129794,1.191544325865124,0.567748279252704,497,5.0
19,1.0441788488945352,0.6205761316872428,1.0468166051087555,0.6251028806584362,498,4.0
8,1.2919751876160646,0.5643066610808546,1.290433920423606,0.5747800586510264,499,2.0
7,1.2092895024939427,0.571993670886076,1.189976045853981,0.5793776371308017,500,5.0
16,1.3610771294408197,0.5095508518327311,1.3686081606762028,0.504388229220444,500,2.0
16,1.2834261452099314,0.5544656685596283,1.2691517138394979,0.5699535363964894,500,1.0
2,1.1937660327468766,0.5683382497541789,1.2013448428732574,0.5726647000983284,501,3.0
8,1.0615165852131982,0.634268956849602,1.0618142579258063,0.6267281105990783,502,2.0
7,1.1631678312639646,0.5870253164556962,1.1541520392341453,0.5899261603375527,502,3.0
19,1.2296575430489372,0.5409465020576132,1.2305307201887845,0.5440329218106996,503,4.0
