method,alpha,stragglers,clients,local_epochs,lr,eta,max_rounds,batch_size,seed,run_dir,run_date,total_rounds,best_test_acc,final_test_acc,best_train_acc,final_train_acc,final_test_loss,total_time_sec,total_time_min,num_rows,exp_id,location,freshness_alpha,beta1,beta2
FedAsync,0.1,30.0,20.0,1.0,0.0125,,300.0,128.0,1.0,logs/avinash/run_20251126_140546,20251126,414,0.1172,0.1007,,,,,,414,,,,,
FedAsync,0.1,30.0,20.0,1.0,0.0125,,300.0,128.0,1.0,logs/avinash/run_20251126_141652,20251126,16,0.1007,0.1007,,,,,,16,,,,,
FedAsync,0.1,30.0,20.0,1.0,0.0125,,300.0,128.0,1.0,logs/avinash/run_20251126_141758,20251126,16,0.1007,0.1007,,,,,,16,,,,,
FedAsync,0.1,30.0,20.0,1.0,0.0125,,300.0,128.0,1.0,logs/avinash/run_20251126_141903,20251126,17,0.1007,0.1007,,,,,,17,,,,,
FedAsync,10.0,30.0,20.0,1.0,0.0125,,300.0,128.0,1.0,logs/avinash/run_20251126_142009,20251126,17,0.1007,0.1007,,,,,,17,,,,,
FedAsync,10.0,30.0,20.0,1.0,0.0125,,300.0,128.0,1.0,logs/avinash/run_20251126_142116,20251126,17,0.1007,0.1007,,,,,,17,,,,,
FedAsync,10.0,30.0,20.0,1.0,0.0125,,300.0,128.0,1.0,logs/avinash/run_20251126_142222,20251126,17,0.1007,0.1007,,,,,,17,,,,,
FedAsync,10.0,30.0,20.0,1.0,0.0125,,300.0,128.0,1.0,logs/avinash/run_20251126_142328,20251126,17,0.1007,0.1007,,,,,,17,,,,,
FedAsync,1000.0,30.0,20.0,1.0,0.0125,,300.0,128.0,1.0,logs/avinash/run_20251126_142434,20251126,17,0.1007,0.1007,,,,,,17,,,,,
FedAsync,1000.0,30.0,20.0,1.0,0.0125,,300.0,128.0,1.0,logs/avinash/run_20251126_142540,20251126,17,0.1007,0.1007,,,,,,17,,,,,
FedAsync,1000.0,30.0,20.0,1.0,0.0125,,300.0,128.0,1.0,logs/avinash/run_20251126_142647,20251126,16,0.1007,0.1007,,,,,,16,,,,,
FedAsync,1000.0,30.0,20.0,1.0,0.0125,,300.0,128.0,1.0,logs/avinash/run_20251126_142752,20251126,17,0.1007,0.1007,,,,,,17,,,,,
FedAsync,0.5,30.0,10.0,1.0,0.01,,20.0,128.0,42.0,logs/avinash/run_20251129_144449,20251129,20,0.1015,0.1,0.561399,0.360578,2.303223,317.467,5.2911166666666665,20,,,,,
FedAsync,1000.0,0.0,20.0,1.0,0.005,,20.0,128.0,1.0,logs/avinash/run_20251129_150604,20251129,20,0.1,0.1,0.0,0.0,2.303223,76.918,1.2819666666666667,6,,,,,
FedAsync,1000.0,0.0,20.0,1.0,0.005,,20.0,128.0,1.0,logs/avinash/run_20251129_150752,20251129,19,0.1215,0.1153,0.15976,0.0,2.343851,262.624,4.377066666666667,25,,,,,
FedAsync,1000.0,0.0,20.0,1.0,0.005,,50.0,128.0,1.0,logs/avinash/run_20251129_183128,20251129,50,0.154,0.154,0.166062,0.156071,2.275502,658.796,10.979933333333333,71,,,,,
FedAsync,1000.0,0.0,20.0,1.0,0.005,,300.0,128.0,1.0,logs/avinash/run_20251129_184737,20251129,300,0.2854,0.2839,0.253883,0.0,2.094351,3922.8,65.38000000000001,388,,,,,
FedAsync,0.1,10.0,20.0,1.0,0.005,1.0,500.0,128.0,1.0,outside/outside/logs/FedAsync/Exp2/run_20251130_072120,20251130,499,0.1438,0.1371,0.967643,0.623958,2.269233,4773.825,79.56375,413,Exp2,outside/outside/logs,,,
FedAsync,0.1,20.0,20.0,1.0,0.005,1.0,500.0,128.0,1.0,outside/outside/logs/FedAsync/Exp3/run_20251130_084252,20251130,500,0.1713,0.1689,0.945761,0.0,2.259821,4965.373,82.75621666666666,423,Exp3,outside/outside/logs,,,
FedAsync,0.1,30.0,20.0,1.0,0.005,1.0,500.0,128.0,1.0,outside/outside/logs/FedAsync/Exp4/run_20251130_100725,20251130,497,0.162,0.1612,0.969954,0.0,2.271387,4959.411,82.65685,420,Exp4,outside/outside/logs,,,
FedAsync,0.1,40.0,20.0,1.0,0.005,1.0,500.0,128.0,1.0,outside/outside/logs/FedAsync/Exp5/run_20251130_113149,20251130,498,0.1791,0.158,0.968413,0.0,2.259384,4897.654,81.62756666666668,424,Exp5,outside/outside/logs,,,
FedAsync,0.1,50.0,20.0,1.0,0.005,1.0,500.0,128.0,1.0,outside/outside/logs/FedAsync/Exp6/run_20251130_125505,20251130,500,0.1689,0.1689,0.964561,0.0,2.262051,4593.44,76.55733333333333,418,Exp6,outside/outside/logs,,,
FedAsync,1000.0,0.0,20.0,1.0,0.005,1.0,100.0,128.0,1.0,outside/outside/logs/FedAsync/Exp1/run_20251130_044550,20251130,100,0.1311,0.1311,0.134831,0.128462,2.282052,1012.238,16.870633333333334,82,Exp1,outside/outside/logs,,,
FedAsync,1000.0,0.0,20.0,1.0,0.005,1.0,500.0,128.0,1.0,outside/outside/logs/FedAsync/Exp1/run_20251130_050745,20251130,265,0.197,0.197,0.184796,0.184796,2.225565,2612.208,43.5368,214,Exp1,outside/outside/logs,,,
FedAsync,1000.0,0.0,20.0,1.0,0.005,1.0,500.0,128.0,1.0,outside/outside/logs/FedAsync/Exp1/run_20251130_055731,20251130,498,0.2599,0.2599,0.232568,0.0,2.122514,4917.065,81.95108333333333,409,Exp1,outside/outside/logs,,,
FedBuff,,,,,,,,,,logs/avinash/run_20251126_124009,20251126,5,0.1,0.1,,,,,,5,,,,,
FedBuff,,,,,,,,,,logs/avinash/run_20251126_124553,20251126,14,0.1,0.1,,,,,,14,,,,,
FedBuff,0.1,30.0,20.0,1.0,0.0125,,300.0,128.0,1.0,logs/avinash/run_20251126_142859,20251126,512,0.1002,0.1,,,,,,512,,,,,
FedBuff,0.1,30.0,20.0,1.0,0.0125,,300.0,128.0,1.0,logs/avinash/run_20251126_144321,20251126,17,0.1,0.1,,,,,,17,,,,,
FedBuff,0.1,30.0,20.0,1.0,0.0125,,300.0,128.0,1.0,logs/avinash/run_20251126_144427,20251126,17,0.1,0.1,,,,,,17,,,,,
FedBuff,0.1,30.0,20.0,1.0,0.0125,,300.0,128.0,1.0,logs/avinash/run_20251126_144532,20251126,17,0.1,0.1,,,,,,17,,,,,
FedBuff,0.1,30.0,10.0,1.0,0.0125,,40.0,128.0,1.0,logs/avinash/run_20251126_194455,20251126,17,0.1,0.1,,,,,,17,,,,,
FedBuff,10.0,30.0,20.0,1.0,0.0125,,300.0,128.0,1.0,logs/avinash/run_20251126_144637,20251126,16,0.1,0.1,,,,,,16,,,,,
FedBuff,10.0,30.0,20.0,1.0,0.0125,,300.0,128.0,1.0,logs/avinash/run_20251126_144743,20251126,16,0.1,0.1,,,,,,16,,,,,
FedBuff,10.0,30.0,20.0,1.0,0.0125,,300.0,128.0,1.0,logs/avinash/run_20251126_144848,20251126,16,0.1,0.1,,,,,,16,,,,,
FedBuff,10.0,30.0,20.0,1.0,0.0125,,300.0,128.0,1.0,logs/avinash/run_20251126_144954,20251126,16,0.1,0.1,,,,,,16,,,,,
FedBuff,1000.0,30.0,20.0,1.0,0.0125,,300.0,128.0,1.0,logs/avinash/run_20251126_145059,20251126,17,0.1,0.1,,,,,,17,,,,,
FedBuff,1000.0,30.0,20.0,1.0,0.0125,,300.0,128.0,1.0,logs/avinash/run_20251126_145205,20251126,17,0.1,0.1,,,,,,17,,,,,
FedBuff,1000.0,30.0,20.0,1.0,0.0125,,300.0,128.0,1.0,logs/avinash/run_20251126_145312,20251126,16,0.1,0.1,,,,,,16,,,,,
FedBuff,1000.0,30.0,20.0,1.0,0.0125,,300.0,128.0,1.0,logs/avinash/run_20251126_145417,20251126,16,0.1,0.1,,,,,,16,,,,,
FedBuff,0.1,30.0,10.0,1.0,0.0125,,20.0,128.0,1.0,logs/avinash/run_20251127_102827,20251127,16,0.1,0.1,,,,,,16,,,,,
FedBuff,0.1,30.0,10.0,1.0,0.0125,,20.0,128.0,1.0,logs/avinash/run_20251127_102944,20251127,55,0.1,0.1,,,,,,55,,,,,
FedBuff,0.1,30.0,10.0,1.0,0.0125,,40.0,128.0,1.0,logs/avinash/run_20251127_182141,20251127,40,0.101,0.1,0.0,0.0,2.330281,251.194,4.186566666666667,255,,,,,
FedBuff,0.1,30.0,10.0,1.0,0.0125,,40.0,128.0,1.0,logs/avinash/run_20251127_183805,20251127,40,0.1,0.1,0.0,0.0,2.330281,21.385,0.3564166666666667,18,,,,,
FedBuff,0.1,30.0,10.0,1.0,0.0125,,40.0,128.0,1.0,logs/avinash/run_20251127_184932,20251127,40,0.0955,0.0894,0.0,0.0,2.305591,494.505,8.24175,515,,,,,
FedBuff,0.1,30.0,10.0,3.0,0.0125,,10.0,128.0,1.0,logs/avinash/run_20251127_190321,20251127,0,0.0954,0.0954,0.0,0.0,2.31385,112.716,1.8785999999999998,157,,,,,
FedBuff,0.1,30.0,10.0,3.0,0.0125,,20.0,128.0,1.0,logs/avinash/run_20251127_190448,20251127,0,0.0954,0.0954,0.0,0.0,2.31385,1184.542,19.742366666666666,1310,,,,,
FedBuff,0.1,30.0,10.0,3.0,0.0125,,20.0,128.0,1.0,logs/avinash/run_20251127_190806,20251127,0,0.0954,0.0954,0.0,0.0,2.31385,985.869,16.43115,1019,,,,,
FedBuff,0.1,30.0,10.0,3.0,0.0125,,20.0,128.0,1.0,logs/avinash/run_20251127_190919,20251127,0,0.0954,0.0954,0.0,0.0,2.31385,912.305,15.205083333333333,932,,,,,
FedBuff,0.1,30.0,10.0,3.0,0.0125,,20.0,128.0,1.0,logs/avinash/run_20251127_191038,20251127,0,0.0954,0.0954,0.0,0.0,2.31385,198.993,3.31655,157,,,,,
FedBuff,0.1,30.0,10.0,3.0,0.0125,,15.0,128.0,1.0,logs/avinash/run_20251127_192439,20251127,15,0.0954,0.0952,0.786857,0.0,2.314959,193.34,3.2223333333333333,180,,,,,
FedBuff,0.1,30.0,10.0,3.0,0.0125,,10.0,128.0,1.0,logs/avinash/run_20251127_195121,20251127,9,0.0954,0.0936,0.786952,0.0,2.314054,129.956,2.1659333333333333,113,,,,,
FedBuff,0.1,30.0,10.0,3.0,0.0125,,20.0,128.0,1.0,logs/avinash/run_20251127_200904,20251127,20,0.1442,0.1442,0.710485,0.39776,2.263775,255.616,4.260266666666667,160,,,,,
FedBuff,0.1,30.0,10.0,3.0,0.0125,,100.0,128.0,1.0,logs/avinash/run_20251127_202627,20251127,100,0.1137,0.1,0.639636,0.0,2.302585,1293.97,21.566166666666668,849,,,,,
FedBuff,0.1,30.0,10.0,3.0,0.0125,,40.0,128.0,1.0,logs/avinash/run_20251127_205852,20251127,40,0.1499,0.1499,0.89643,0.0,2.176914,519.521,8.658683333333332,280,,,,,
FedBuff,0.1,30.0,10.0,5.0,0.02,,200.0,128.0,1.0,logs/avinash/run_20251127_212716,20251127,200,0.4067,0.255,0.987225,0.0,1.80802,1303.428,21.7238,582,,,,,
FedBuff,0.5,0.0,10.0,3.0,0.0125,,100.0,128.0,1.0,logs/avinash/run_20251127_224746,20251127,200,0.255,0.255,0.0,0.0,1.80802,32.304,0.5384,12,,,,,
FedBuff,0.5,0.0,10.0,3.0,0.0125,,100.0,128.0,1.0,logs/avinash/run_20251127_224929,20251127,200,0.255,0.255,0.0,0.0,1.80802,29.052,0.4842,9,,,,,
FedBuff,0.5,0.0,10.0,3.0,0.0125,,100.0,128.0,1.0,logs/avinash/run_20251127_225214,20251127,100,0.3783,0.377,0.61292,0.0,1.650913,454.328,7.5721333333333325,243,,,,,
FedBuff,0.1,0.0,10.0,5.0,0.01,,100.0,128.0,1.0,logs/avinash/run_20251128_034307,20251128,87,0.3834,0.2219,0.967742,0.882525,1.989117,3595.113,59.918549999999996,253,,,,,
FedBuff,0.1,0.0,10.0,5.0,0.01,,100.0,128.0,1.0,logs/avinash/run_20251128_071743,20251128,99,0.4256,0.353,0.970297,0.0,1.92461,4838.289,80.63815,291,,,,,
FedBuff,0.5,0.0,10.0,3.0,0.0125,,200.0,128.0,1.0,logs/avinash/run_20251128_001443,20251128,100,0.377,0.377,0.0,0.0,1.650913,584.237,9.737283333333332,708,,,,,
FedBuff,0.5,0.0,10.0,3.0,0.0125,,200.0,128.0,1.0,logs/avinash/run_20251128_001604,20251128,0,0.0954,0.0954,0.0,0.0,2.31385,504.111,8.40185,594,,,,,
FedBuff,0.5,0.0,10.0,3.0,0.0125,,200.0,128.0,1.0,logs/avinash/run_20251128_002436,20251128,0,0.0954,0.0954,0.0,0.0,2.31385,208.722,3.4787000000000003,280,,,,,
FedBuff,0.5,0.0,10.0,3.0,0.0125,,200.0,128.0,1.0,logs/avinash/run_20251128_002811,20251128,0,0.0954,0.0954,0.0,0.0,2.31385,303.227,5.053783333333333,423,,,,,
FedBuff,0.5,0.0,10.0,3.0,0.0125,,200.0,128.0,1.0,logs/avinash/run_20251128_003320,20251128,0,0.0954,0.0954,0.0,0.0,2.31385,99.935,1.6655833333333334,133,,,,,
FedBuff,0.5,0.0,10.0,3.0,0.0125,,100.0,128.0,1.0,logs/avinash/run_20251128_003508,20251128,100,0.3428,0.3307,0.546287,0.0,1.806153,534.647,8.910783333333335,224,,,,,
FedBuff,0.5,0.0,10.0,5.0,0.1,,40.0,128.0,1.0,logs/avinash/run_20251128_013808,20251128,0,0.0999,0.0999,0.0,0.0,2.302801,612.626,10.210433333333333,323,,,,,
FedBuff,0.5,0.0,10.0,5.0,0.1,,40.0,128.0,1.0,logs/avinash/run_20251128_014828,20251128,0,0.1072,0.1072,0.0,0.0,2.335871,144.969,2.41615,36,,,,,
FedBuff,0.5,0.0,10.0,5.0,0.1,,40.0,128.0,1.0,logs/avinash/run_20251128_015101,20251128,27,0.1701,0.1699,0.626925,0.0,2.177738,388.042,6.467366666666666,91,,,,,
FedBuff,0.5,0.0,10.0,5.0,0.01,,30.0,128.0,1.0,logs/avinash/run_20251128_015739,20251128,30,0.5068,0.5068,0.742474,0.0,1.417687,421.08,7.018,99,,,,,
FedBuff,0.5,0.0,10.0,5.0,0.01,,100.0,128.0,1.0,logs/avinash/run_20251128_021044,20251128,0,0.1005,0.1005,0.0,0.0,4.469139,182.022,3.0337,12,,,,,
FedBuff,0.5,0.0,10.0,5.0,0.01,,100.0,128.0,1.0,logs/avinash/run_20251128_021408,20251128,100,0.6151,0.5692,0.813617,0.0,1.203161,4750.761,79.17935000000001,321,,,,,
FedBuff,0.5,0.0,10.0,3.0,0.01,,100.0,128.0,1.0,logs/avinash/run_20251128_141842,20251128,100,0.5455,0.5455,0.757702,0.0,1.252013,3095.417,51.59028333333333,226,,,,,
FedBuff,0.5,0.0,10.0,5.0,0.01,,100.0,128.0,1.0,logs/avinash/run_20251128_151307,20251128,100,0.6131,0.6087,0.803758,0.0,1.112972,4645.318,77.42196666666668,316,,,,,
FedBuff,0.5,0.0,10.0,7.0,0.01,,100.0,128.0,1.0,logs/avinash/run_20251128_163442,20251128,100,0.6496,0.5844,0.828558,0.0,1.15867,6164.988,102.74980000000001,408,,,,,
FedBuff,0.5,0.0,10.0,5.0,0.01,,100.0,128.0,1.0,logs/avinash/run_20251128_182311,20251128,100,0.6083,0.5968,0.777418,0.0,1.165207,4608.841,76.81401666666667,317,,,,,
FedBuff,0.5,0.0,10.0,5.0,0.01,,100.0,128.0,1.0,logs/avinash/run_20251128_194416,20251128,100,0.6214,0.6166,0.807763,0.0,1.087289,4607.02,76.78366666666668,315,,,,,
FedBuff,0.5,0.0,10.0,5.0,0.01,,100.0,128.0,1.0,logs/avinash/run_20251128_210551,20251128,100,0.5987,0.4687,0.808996,0.808996,1.602453,4596.018,76.6003,316,,,,,
FedBuff,0.5,0.0,10.0,5.0,0.01,,100.0,128.0,1.0,logs/avinash/run_20251128_222706,20251128,100,0.6405,0.6112,0.812847,0.0,1.089287,4655.624,77.59373333333333,319,,,,,
FedBuff,0.5,0.0,10.0,5.0,0.01,,100.0,128.0,1.0,logs/avinash/run_20251128_234825,20251128,100,0.6208,0.5788,0.820856,0.0,1.143215,4956.491,82.60818333333333,339,,,,,
FedBuff,1.0,0.0,10.0,5.0,0.01,,100.0,128.0,1.0,logs/avinash/run_20251128_044309,20251128,76,0.628,0.6233,0.743508,0.0,1.050511,3585.807,59.76345,249,,,,,
FedBuff,1.0,0.0,10.0,5.0,0.01,,100.0,128.0,1.0,logs/avinash/run_20251128_084219,20251128,100,0.6475,0.6324,0.774164,0.0,1.057318,4743.272,79.05453333333334,324,,,,,
FedBuff,10.0,0.0,10.0,5.0,0.01,,100.0,128.0,1.0,logs/avinash/run_20251128_054308,20251128,75,0.6511,0.6511,0.661355,0.0,0.994332,3592.188,59.869800000000005,246,,,,,
FedBuff,10.0,0.0,10.0,5.0,0.01,,100.0,128.0,1.0,logs/avinash/run_20251128_100540,20251128,100,0.6775,0.6715,0.683271,0.0,0.959949,4790.988,79.8498,326,,,,,
FedBuff,100.0,0.0,10.0,5.0,0.01,,100.0,128.0,1.0,logs/avinash/run_20251128_064308,20251128,42,0.5843,0.5843,0.565505,0.0,1.176424,3679.24,61.32066666666666,320,,,,,
FedBuff,100.0,0.0,10.0,5.0,0.01,,100.0,128.0,1.0,logs/avinash/run_20251128_112924,20251128,100,0.6831,0.6799,0.680822,0.0,0.930888,4802.402,80.04003333333334,329,,,,,
FedBuff,1000.0,0.0,10.0,5.0,0.01,,100.0,128.0,1.0,logs/avinash/run_20251128_125338,20251128,100,0.6819,0.6755,0.683417,0.0,0.9272,4842.958,80.71596666666666,322,,,,,
FedBuff,0.1,30.0,20.0,3.0,0.01,,20.0,128.0,1.0,logs/avinash/run_20251129_131742,20251129,20,0.2044,0.1514,0.931769,0.0,2.390945,1177.826,19.630433333333333,192,,,,,
FedBuff,0.1,10.0,20.0,1.0,0.005,,100.0,128.0,1.0,outside/logs/FedBuff/Exp2/run_20251130_023823,20251130,98,0.234,0.1964,0.89727,0.089005,2.090305,890.308,14.838466666666667,68,Exp2,outside/logs,,,
FedBuff,0.1,20.0,20.0,1.0,0.005,,100.0,128.0,1.0,outside/logs/FedBuff/Exp3/run_20251130_025520,20251130,100,0.2244,0.1921,0.934986,0.7625,2.278823,891.678,14.8613,67,Exp3,outside/logs,,,
FedBuff,0.1,30.0,20.0,1.0,0.005,,100.0,128.0,1.0,outside/logs/FedBuff/Exp4/run_20251130_031202,20251130,100,0.2329,0.1865,0.93319,0.725794,2.156179,917.126,15.285433333333334,67,Exp4,outside/logs,,,
FedBuff,0.1,40.0,20.0,1.0,0.005,,100.0,128.0,1.0,outside/logs/FedBuff/Exp5/run_20251130_032912,20251130,99,0.2393,0.2131,0.897109,0.548397,2.105353,886.56,14.776,63,Exp5,outside/logs,,,
FedBuff,0.1,50.0,20.0,1.0,0.005,,100.0,128.0,1.0,outside/logs/FedBuff/Exp6/run_20251130_034557,20251130,100,0.2602,0.1981,0.937909,0.718823,2.122362,918.36,15.306000000000001,70,Exp6,outside/logs,,,
FedBuff,0.1,10.0,20.0,1.0,0.005,,100.0,128.0,1.0,outside/outside/logs/FedBuff/Exp2/run_20251130_023823,20251130,98,0.234,0.1964,0.89727,0.089005,2.090305,890.308,14.838466666666667,68,Exp2,outside/outside/logs,,,
FedBuff,0.1,20.0,20.0,1.0,0.005,,100.0,128.0,1.0,outside/outside/logs/FedBuff/Exp3/run_20251130_025520,20251130,100,0.2244,0.1921,0.934986,0.7625,2.278823,891.678,14.8613,67,Exp3,outside/outside/logs,,,
FedBuff,0.1,30.0,20.0,1.0,0.005,,100.0,128.0,1.0,outside/outside/logs/FedBuff/Exp4/run_20251130_031202,20251130,100,0.2329,0.1865,0.93319,0.725794,2.156179,917.126,15.285433333333334,67,Exp4,outside/outside/logs,,,
FedBuff,0.1,40.0,20.0,1.0,0.005,,100.0,128.0,1.0,outside/outside/logs/FedBuff/Exp5/run_20251130_032912,20251130,99,0.2393,0.2131,0.897109,0.548397,2.105353,886.56,14.776,63,Exp5,outside/outside/logs,,,
FedBuff,0.1,50.0,20.0,1.0,0.005,,100.0,128.0,1.0,outside/outside/logs/FedBuff/Exp6/run_20251130_034557,20251130,100,0.2602,0.1981,0.937909,0.718823,2.122362,918.36,15.306000000000001,70,Exp6,outside/outside/logs,,,
FedBuff,1000.0,0.0,20.0,1.0,0.005,,100.0,128.0,1.0,outside/logs/FedBuff/Exp1/run_20251130_022110,20251130,99,0.3799,0.375,0.339608,0.339179,1.71618,916.313,15.271883333333333,68,Exp1,outside/logs,,,
FedBuff,1000.0,0.0,20.0,1.0,0.005,,100.0,128.0,1.0,outside/outside/logs/FedBuff/Exp1/run_20251130_022110,20251130,99,0.3799,0.375,0.339608,0.339179,1.71618,916.313,15.271883333333333,68,Exp1,outside/outside/logs,,,
FedBuff,1000.0,0.0,20.0,1.0,0.005,,500.0,128.0,1.0,outside/outside/logs/FedBuff/Exp1/run_20251130_053538,20251130,147,0.4003,0.3892,0.372943,0.365067,1.659816,1275.757,21.262616666666666,98,Exp1,outside/outside/logs,,,
TrustWeight,0.1,10.0,20.0,1.0,0.005,0.5,100.0,128.0,1.0,logs/TrustWeight/Exp2/run_20251130_015108,20251130,90,0.1969,0.1702,0.9907550077041604,0.7519685039370079,2.17220029296875,890.6132190227509,14.843553650379182,90,Exp2,,,,
TrustWeight,0.1,10.0,20.0,1.0,0.005,0.5,100.0,128.0,1.0,outside/logs/TrustWeight/Exp2/run_20251130_093114,20251130,80,0.1352,0.1183,0.9920462762111352,0.6973684210526315,2.355736650848389,789.6215121746063,13.16035853624344,80,Exp2,outside/logs,0.1,0.0,0.0
TrustWeight,0.1,10.0,20.0,1.0,0.005,0.5,20.0,128.0,1.0,outside/logs/TrustWeight/Exp2/run_20251130_094837,20251130,24,0.1205,0.1011,0.9920462762111352,0.7974532431356944,2.330296696090698,250.788024187088,4.179800403118134,24,Exp2,outside/logs,0.1,0.0,0.0
TrustWeight,0.1,20.0,20.0,1.0,0.005,0.5,20.0,128.0,1.0,outside/logs/TrustWeight/Exp3/run_20251130_095250,20251130,24,0.1204,0.1016,0.9920462762111352,0.8127735773975329,2.3291959732055663,249.8113796710968,4.16352299451828,24,Exp3,outside/logs,0.1,0.0,0.0
TrustWeight,0.1,30.0,20.0,1.0,0.005,0.5,20.0,128.0,1.0,outside/logs/TrustWeight/Exp4/run_20251130_095702,20251130,24,0.1206,0.1025,0.9920462762111352,0.8149621965777955,2.3303920921325685,251.0760428905487,4.184600714842478,24,Exp4,outside/logs,0.1,0.0,0.0
TrustWeight,0.1,40.0,20.0,1.0,0.005,0.5,20.0,128.0,1.0,outside/logs/TrustWeight/Exp5/run_20251130_100116,20251130,24,0.1206,0.0993,0.9920462762111352,0.8111818543573418,2.3277117958068847,250.21501684188843,4.1702502806981405,24,Exp5,outside/logs,0.1,0.0,0.0
TrustWeight,0.1,50.0,20.0,1.0,0.005,0.5,20.0,128.0,1.0,outside/logs/TrustWeight/Exp6/run_20251130_100529,20251130,24,0.1207,0.101,0.9920462762111352,0.8119777158774373,2.329714087677002,254.03835773468015,4.233972628911336,24,Exp6,outside/logs,0.1,0.0,0.0
TrustWeight,0.1,10.0,20.0,1.0,0.005,0.5,100.0,128.0,1.0,outside/outside/logs/TrustWeight/Exp2/run_20251130_093114,20251130,80,0.1352,0.1183,0.9920462762111352,0.6973684210526315,2.355736650848389,789.6215121746063,13.16035853624344,80,Exp2,outside/outside/logs,0.1,0.0,0.0
TrustWeight,0.1,10.0,20.0,1.0,0.005,0.5,20.0,128.0,1.0,outside/outside/logs/TrustWeight/Exp2/run_20251130_094837,20251130,24,0.1205,0.1011,0.9920462762111352,0.7974532431356944,2.330296696090698,250.788024187088,4.179800403118134,24,Exp2,outside/outside/logs,0.1,0.0,0.0
TrustWeight,0.1,10.0,20.0,1.0,0.005,0.5,1.0,128.0,1.0,outside/outside/logs/TrustWeight/Exp2/run_20251130_104414,20251130,5,0.1202,0.1126,0.8145642658177477,0.7145650048875856,2.3266511310577394,76.73547196388245,1.278924532731374,5,Exp2,outside/outside/logs,0.1,0.0,0.0
TrustWeight,0.1,10.0,20.0,1.0,0.005,0.5,500.0,128.0,1.0,outside/outside/logs/TrustWeight/Exp2/run_20251130_122421,20251130,504,0.2434,0.1946,0.9920462762111352,0.8009123492994461,2.151482071685791,4865.20311999321,81.0867186665535,504,Exp2,outside/outside/logs,0.1,0.0,0.0
TrustWeight,0.1,20.0,20.0,1.0,0.005,0.5,20.0,128.0,1.0,outside/outside/logs/TrustWeight/Exp3/run_20251130_095250,20251130,24,0.1204,0.1016,0.9920462762111352,0.8127735773975329,2.3291959732055663,249.8113796710968,4.16352299451828,24,Exp3,outside/outside/logs,0.1,0.0,0.0
TrustWeight,0.1,20.0,20.0,1.0,0.005,0.5,1.0,128.0,1.0,outside/outside/logs/TrustWeight/Exp3/run_20251130_104533,20251130,5,0.1204,0.1108,0.8151611619578193,0.6981101335940045,2.327019058227539,77.92364001274109,1.2987273335456848,5,Exp3,outside/outside/logs,0.1,0.0,0.0
TrustWeight,0.1,20.0,20.0,1.0,0.005,0.5,500.0,128.0,1.0,outside/outside/logs/TrustWeight/Exp3/run_20251130_134529,20251130,504,0.2386,0.201,0.9920462762111352,0.8010752688172043,2.142366299819946,4849.359597206116,80.82265995343526,504,Exp3,outside/outside/logs,0.1,0.0,0.0
TrustWeight,0.1,30.0,20.0,1.0,0.005,0.5,20.0,128.0,1.0,outside/outside/logs/TrustWeight/Exp4/run_20251130_095702,20251130,24,0.1206,0.1025,0.9920462762111352,0.8149621965777955,2.3303920921325685,251.0760428905487,4.184600714842478,24,Exp4,outside/outside/logs,0.1,0.0,0.0
TrustWeight,0.1,30.0,20.0,1.0,0.005,0.5,1.0,128.0,1.0,outside/outside/logs/TrustWeight/Exp4/run_20251130_104654,20251130,5,0.1206,0.11,0.8153601273378432,0.7086999022482894,2.3264556900024416,79.00859355926514,1.316809892654419,5,Exp4,outside/outside/logs,0.1,0.0,0.0
TrustWeight,0.1,30.0,20.0,1.0,0.005,0.5,500.0,128.0,1.0,outside/outside/logs/TrustWeight/Exp4/run_20251130_150622,20251130,504,0.2443,0.1712,0.9920462762111352,0.6333955223880597,2.1860477882385254,4827.093980073929,80.45156633456548,504,Exp4,outside/outside/logs,0.1,0.0,0.0
TrustWeight,0.1,40.0,20.0,1.0,0.005,0.5,20.0,128.0,1.0,outside/outside/logs/TrustWeight/Exp5/run_20251130_100116,20251130,24,0.1206,0.0993,0.9920462762111352,0.8111818543573418,2.3277117958068847,250.21501684188843,4.1702502806981405,24,Exp5,outside/outside/logs,0.1,0.0,0.0
TrustWeight,0.1,40.0,20.0,1.0,0.005,0.4,20.0,128.0,1.0,outside/outside/logs/TrustWeight/Exp5/run_20251130_104815,20251130,24,0.1216,0.1011,0.9920462762111352,0.8141663350577,2.3265761806488037,252.7821307182312,4.21303551197052,24,Exp5,outside/outside/logs,0.3,0.15,0.02
TrustWeight,0.1,40.0,20.0,1.0,0.005,0.4,500.0,128.0,1.0,outside/outside/logs/TrustWeight/Exp5/run_20251130_162652,20251130,504,0.2226,0.1872,0.9920462762111352,0.6312189054726368,2.218159903717041,4812.907680034637,80.2151280005773,504,Exp5,outside/outside/logs,0.3,0.15,0.02
TrustWeight,0.1,50.0,20.0,1.0,0.005,0.5,20.0,128.0,1.0,outside/outside/logs/TrustWeight/Exp6/run_20251130_100529,20251130,24,0.1207,0.101,0.9920462762111352,0.8119777158774373,2.329714087677002,254.03835773468015,4.233972628911336,24,Exp6,outside/outside/logs,0.1,0.0,0.0
TrustWeight,0.1,50.0,20.0,1.0,0.005,0.4,20.0,128.0,1.0,outside/outside/logs/TrustWeight/Exp6/run_20251130_105231,20251130,24,0.1214,0.0977,0.9920462762111352,0.8121766812574612,2.327589252471924,252.7206029891968,4.212010049819947,24,Exp6,outside/outside/logs,0.3,0.15,0.02
TrustWeight,0.1,50.0,20.0,1.0,0.005,0.4,500.0,128.0,1.0,outside/outside/logs/TrustWeight/Exp6/run_20251130_174708,20251130,504,0.2164,0.1978,0.9920462762111352,0.7913000977517106,2.177128977584839,4841.672255992889,80.69453759988149,504,Exp6,outside/outside/logs,0.3,0.15,0.02
TrustWeight,1000.0,0.0,20.0,1.0,0.005,0.5,20.0,128.0,1.0,logs/avinash/run_20251130_021428,20251130,24,0.1342,0.1342,0.1670004004805766,0.1670004004805766,2.301128388595581,261.6176948547363,4.360294914245605,24,,,0.1,0.0,0.0
TrustWeight,1000.0,0.0,20.0,1.0,0.005,0.5,20.0,128.0,1.0,logs/avinash/run_20251130_022234,20251130,24,0.1335,0.1335,0.1676743248690044,0.1504815409309791,2.301073570251465,248.50429105758667,4.141738184293112,24,,,0.1,0.0,0.0
TrustWeight,1000.0,0.0,20.0,1.0,0.005,0.5,100.0,128.0,1.0,logs/TrustWeight/Exp1/run_20251130_013402,20251130,104,0.3689,0.3689,0.3811623246492986,0.3644373247897477,1.6777146781921386,1024.0905573368073,17.068175955613455,104,Exp1,,,,
TrustWeight,1000.0,0.0,20.0,1.0,0.005,0.5,20.0,128.0,1.0,outside/logs/TrustWeight/Exp1/run_20251130_092709,20251130,24,0.1363,0.1347,0.1765643682742128,0.1476861167002012,2.286540864944458,234.8109760284424,3.913516267140707,24,Exp1,outside/logs,0.1,0.0,0.0
TrustWeight,1000.0,0.0,20.0,1.0,0.005,0.5,20.0,128.0,1.0,outside/logs/TrustWeight/Exp1/run_20251130_094437,20251130,24,0.1355,0.1346,0.1909410386567747,0.1909410386567747,2.2867603439331057,237.1246988773346,3.952078314622243,24,Exp1,outside/logs,0.1,0.0,0.0
TrustWeight,1000.0,0.0,20.0,1.0,0.005,0.5,20.0,128.0,1.0,outside/outside/logs/TrustWeight/Exp1/run_20251130_092709,20251130,24,0.1363,0.1347,0.1765643682742128,0.1476861167002012,2.286540864944458,234.8109760284424,3.913516267140707,24,Exp1,outside/outside/logs,0.1,0.0,0.0
TrustWeight,1000.0,0.0,20.0,1.0,0.005,0.5,20.0,128.0,1.0,outside/outside/logs/TrustWeight/Exp1/run_20251130_094437,20251130,24,0.1355,0.1346,0.1909410386567747,0.1909410386567747,2.2867603439331057,237.1246988773346,3.952078314622243,24,Exp1,outside/outside/logs,0.1,0.0,0.0
TrustWeight,1000.0,0.0,20.0,1.0,0.005,0.5,1.0,128.0,1.0,outside/outside/logs/TrustWeight/Exp1/run_20251130_104306,20251130,5,0.1249,0.1249,0.1347130027333073,0.1261298274445357,2.320325173187256,65.82544803619385,1.0970908006032307,5,Exp1,outside/outside/logs,0.1,0.0,0.0
TrustWeight,1000.0,0.0,20.0,1.0,0.005,0.5,500.0,128.0,1.0,outside/outside/logs/TrustWeight/Exp1/run_20251130_110604,20251130,504,0.3694,0.3694,0.3797216699801193,0.3299798792756539,1.6867124282836914,4693.96631193161,78.23277186552683,504,Exp1,outside/outside/logs,0.1,0.0,0.0
